{"type": "FeatureCollection", "features": [{"type": "Feature", "properties": {"legal_dong_code": "41135101", "legal_dong_name": "분당동"}, "geometry": {"type": "Polygon", "coordinates": [[[127.12563424949471, 37.3719690801732], [127.13022379817174, 37.375261719197205], [127.13022508328677, 37.375260573506665], [127.13037673757688, 37.3753694044438], [127.13039719779536, 37.375384068733034], [127.13041670007904, 37.37536674794736], [127.13052909144587, 37.37526679268346], [127.13381570584076, 37.37234557709618], [127.13406504357398, 37.37212400796928], [127.13406775704537, 37.372126257472864], [127.13703974986589, 37.36948759211668], [127.13715844029936, 37.369572782484674], [127.13948697440996, 37.371243820298226], [127.1407310349295, 37.37213689304902], [127.14098618217953, 37.37232058027957], [127.14108793035864, 37.37239677645587], [127.14118573303978, 37.37247604066272], [127.1412792518664, 37.37255855351319], [127.14136848650205, 37.372644134814095], [127.1414532104796, 37.37273242443592], [127.14153037004215, 37.37282045264517], [127.14161329391541, 37.37291189784189], [127.14175596486577, 37.37313752377182], [127.14180498797666, 37.37321179958437], [127.14186015970492, 37.373313999623754], [127.14190991566609, 37.37341791799745], [127.14195425567316, 37.37352346461063], [127.14229514308346, 37.3743943432216], [127.14229029008705, 37.374395250015226], [127.14242206517689, 37.374708286729465], [127.14255179954152, 37.375016189914305], [127.14261480020254, 37.37507756415072], [127.1426667456976, 37.37520400499198], [127.1431443649559, 37.3768508537172], [127.14292105009369, 37.377035649195115], [127.14216359359324, 37.379159798469104], [127.14237651790042, 37.379150084392734], [127.14375339157431, 37.379196010196615], [127.14383984298095, 37.379231081883425], [127.1438774406161, 37.379445911071166], [127.14388377534088, 37.37948207926147], [127.14435105026789, 37.37943845627441], [127.14437169432054, 37.37944682881526], [127.14459888042941, 37.379574381404424], [127.14646223274748, 37.377969492141645], [127.14655560464517, 37.377347631013436], [127.14664645847569, 37.37676155222054], [127.14655083448343, 37.37669971559318], [127.14668439687027, 37.3765872940288], [127.14686767885969, 37.37643265263381], [127.14690125672487, 37.37633349949169], [127.14694937984403, 37.376294633524246], [127.1469757047343, 37.37615224045869], [127.14722511452231, 37.376045658495926], [127.14735237221217, 37.3758444216689], [127.14750118858078, 37.375623200561535], [127.14748462336885, 37.37506255406122], [127.1474239026958, 37.37505536678497], [127.14740763388858, 37.37498551296798], [127.14791515054154, 37.37504647038769], [127.14798506906367, 37.37496470661212], [127.14799799199908, 37.37495094108509], [127.14812805170888, 37.37486300283797], [127.14824240566377, 37.37482671221984], [127.14832953341791, 37.374822198127184], [127.14847623127359, 37.37487174308364], [127.14872695983372, 37.37479619634174], [127.14878579595464, 37.374792329814404], [127.14890331188819, 37.37482012397651], [127.14894181517883, 37.37483960103337], [127.14902534163956, 37.37484675008002], [127.14943631124734, 37.374772335384144], [127.14977743440173, 37.37463199831116], [127.15015918137571, 37.374316163118735], [127.15048934940343, 37.37427264305197], [127.15054741113268, 37.374271362543446], [127.15071189986944, 37.37427404743378], [127.15080366844855, 37.37425886663006], [127.15090529966433, 37.374229905754035], [127.15103458200745, 37.37415650770552], [127.15113012432643, 37.37409741530369], [127.15115748089063, 37.37412068100365], [127.15116098308506, 37.3741161624759], [127.15117609301427, 37.374123856065864], [127.15248483935818, 37.37463363724214], [127.15263354641857, 37.374996962725454], [127.15321834870483, 37.37464905216786], [127.15375975726853, 37.37470845435674], [127.15406108555695, 37.375175558860015], [127.15406859203475, 37.375397848119846], [127.15421876460931, 37.3756608864673], [127.15539526142777, 37.37584016874275], [127.15626792897643, 37.37617151442583], [127.15687021731722, 37.37624220252108], [127.15708604689634, 37.376179063888124], [127.15725962969952, 37.37609487868221], [127.15796946020157, 37.3764058468732], [127.15862791770228, 37.37646945079624], [127.15946495761209, 37.376782006925886], [127.16028946788069, 37.37708718559193], [127.16068720714492, 37.3772483024006], [127.16086929810899, 37.37733870849613], [127.16108465305084, 37.37682245089848], [127.16123678935544, 37.37633742640867], [127.16117067934597, 37.37582878349986], [127.16097491556435, 37.375165944130444], [127.16074710968215, 37.374671862960696], [127.16083222945262, 37.37404931665948], [127.16082770923722, 37.374031293393344], [127.16081619794956, 37.37398533899869], [127.16083592868904, 37.373711177922644], [127.16080046275184, 37.37366102100734], [127.16045800147545, 37.37317669834499], [127.16068488258755, 37.372862100358645], [127.16057566102653, 37.37265675224572], [127.1598762563123, 37.37222385081634], [127.1595954319533, 37.372054402687816], [127.15918458809197, 37.37150808745035], [127.158994701238, 37.37147184920669], [127.15884489709572, 37.37144326104953], [127.15836814810588, 37.37099162840729], [127.1582240296888, 37.370477401365115], [127.15809207109457, 37.370381104144705], [127.15786633272114, 37.369953248080954], [127.15745404314968, 37.369460439982944], [127.15690979397186, 37.369194635127506], [127.15629163011894, 37.368627975444575], [127.15617620657581, 37.36847770144794], [127.15561731587317, 37.36826160088631], [127.1548386828201, 37.36796553803279], [127.15481806777301, 37.36786502012833], [127.1548175326309, 37.36755760240018], [127.15476715814138, 37.36733401691354], [127.15466276482663, 37.36687070431845], [127.15466947413233, 37.366839214048674], [127.15475854106504, 37.3664218821074], [127.15462642321272, 37.366269303535375], [127.15418551381156, 37.365760140222406], [127.15413973958321, 37.36564377868306], [127.15412712442702, 37.3655016052144], [127.15395515739465, 37.36517443282745], [127.15355463297144, 37.36488658629738], [127.15325867320314, 37.364551967569646], [127.1530940314436, 37.3640137208132], [127.15304900774908, 37.36393240748681], [127.1527887810329, 37.36346251682149], [127.15272114310083, 37.363424030680214], [127.15219889232947, 37.36312681122786], [127.1519281295519, 37.3630466948354], [127.15191857336318, 37.36306615998683], [127.15178640721325, 37.363019384870604], [127.15144448635728, 37.36267941374801], [127.15152655781284, 37.3626767958524], [127.15137798296101, 37.36252389202489], [127.15117123516353, 37.36237954921921], [127.1507389815771, 37.36222224575928], [127.15071565533748, 37.36199168635761], [127.15065358875422, 37.36182398584134], [127.1505350967077, 37.36150382283556], [127.15019242256409, 37.36130779578857], [127.14966598736939, 37.361160562972664], [127.1494239862645, 37.361155946248445], [127.14929403399398, 37.36115345967016], [127.14894764894954, 37.361146845924836], [127.14803039584014, 37.36069868326814], [127.1476935614914, 37.36065658989393], [127.14745785177313, 37.360682298694805], [127.14736395066492, 37.36061391901165], [127.1471426656873, 37.360487093837484], [127.14640423834523, 37.360201539477764], [127.14607465692808, 37.36007273650514], [127.14570443675676, 37.36002457835148], [127.14548017578849, 37.359802921368534], [127.14504057786881, 37.359568523704034], [127.14405936666066, 37.35944899153573], [127.14354314883565, 37.3596250319716], [127.14330074870196, 37.35959149848431], [127.14292225082352, 37.35953912476535], [127.14263537731688, 37.35952357335984], [127.14232310483644, 37.359452755918056], [127.14207683214401, 37.35944843558811], [127.1418019696838, 37.35963928248085], [127.14160438475568, 37.360007682262214], [127.14095927126071, 37.35993280389381], [127.14024952217288, 37.36015069404486], [127.13980509193391, 37.360123255806336], [127.13965649107942, 37.35994660433933], [127.13931443080986, 37.359949706361135], [127.13821039137504, 37.35947003202605], [127.13730731005973, 37.35946704459355], [127.13713776795701, 37.35965512873276], [127.13664532261053, 37.36015600147862], [127.13669923787715, 37.36051723971881], [127.13653001948548, 37.36102681535535], [127.13672664831815, 37.361418903640725], [127.13663997729306, 37.36175805627481], [127.13645994885385, 37.36215816119932], [127.1362911105647, 37.362592870234145], [127.13664339012283, 37.36313894548226], [127.13669099984118, 37.36340716052158], [127.13641331089893, 37.36377519242822], [127.13639941325073, 37.36407069746913], [127.13619776276037, 37.3641751571196], [127.13608051451307, 37.364241100988224], [127.13573285852023, 37.36430148581986], [127.13551744227925, 37.36431507414242], [127.13521911341427, 37.364482082219155], [127.13519171147962, 37.36450485490786], [127.13493626568275, 37.364818193331075], [127.13458314094308, 37.36478822677236], [127.13403438270157, 37.36494245754562], [127.13342195687794, 37.365226981044465], [127.13315614971536, 37.36548869876829], [127.13300662673508, 37.36563470398412], [127.13284665252166, 37.36608019221763], [127.13286731683576, 37.36624549719817], [127.13222653493409, 37.36638978436297], [127.13172122871887, 37.366567445907904], [127.13161783646215, 37.366633946730886], [127.13149728882505, 37.366709206197015], [127.13155305846733, 37.36695287944982], [127.13161373902119, 37.3671703276239], [127.13162483777245, 37.36724980327481], [127.13173937995383, 37.367402877410825], [127.13179449422698, 37.367462626330784], [127.1318737226613, 37.367581608639156], [127.13223525542008, 37.36778554262191], [127.1324285144216, 37.36790410114006], [127.13265621760337, 37.36826308495294], [127.13271496382929, 37.36843047407401], [127.13274152337547, 37.36850614817469], [127.13202380643723, 37.36878568129128], [127.1316470026361, 37.368932439839256], [127.13159650629268, 37.36895210154202], [127.13076103416006, 37.369277546173834], [127.13064817222093, 37.36932151299233], [127.13063689052615, 37.369325904257195], [127.13031269397743, 37.369409421705704], [127.13013651489942, 37.36943628355705], [127.1299526467535, 37.36943608690732], [127.12992664759561, 37.36943606107487], [127.129704190856, 37.369401523069435], [127.12958248153738, 37.36932840212579], [127.12949411368932, 37.36920458072741], [127.12930212486646, 37.36893559105931], [127.12924368884974, 37.36885372457909], [127.12923394574003, 37.36884006665159], [127.12920452407425, 37.368798831776395], [127.12894143064335, 37.3690324792509], [127.12870392356537, 37.36924330285913], [127.12563424949471, 37.3719690801732]]]}}, {"type": "Feature", "properties": {"legal_dong_code": "41135102", "legal_dong_name": "수내동"}, "geometry": {"type": "Polygon", "coordinates": [[[127.1121264192727, 37.37564088596791], [127.11022758600085, 37.37732547660339], [127.1092307771339, 37.37820965574384], [127.10916210479604, 37.37827062702111], [127.10909501096609, 37.37833015519486], [127.11098629637058, 37.3805063577553], [127.11338338612372, 37.383264378681226], [127.11305717496953, 37.383306638112145], [127.11366029798393, 37.38397961339915], [127.11402527989264, 37.38438643592807], [127.11445643197924, 37.38486707744025], [127.11489012831045, 37.385308971213156], [127.11541832723236, 37.38589097044634], [127.1160488508466, 37.38655567155081], [127.11615950402958, 37.38669972685184], [127.11627192266369, 37.38684607792243], [127.1163536535044, 37.3869500208472], [127.11686324098996, 37.38649838634987], [127.11779568343043, 37.38567196253802], [127.12152389522223, 37.38236718545202], [127.12193025330772, 37.38200699657911], [127.12180577030301, 37.381901974642766], [127.12181783464, 37.38189124027622], [127.126026174375, 37.378154242946394], [127.12610893668423, 37.3780875706367], [127.12612841064342, 37.37807258422861], [127.12614986817626, 37.37805545130665], [127.12616619710725, 37.37804351364377], [127.12619091447723, 37.3780245031633], [127.1262747032387, 37.37796422687484], [127.12636063944807, 37.37790538988686], [127.12640936340766, 37.37787461376584], [127.12645786226516, 37.37784428837092], [127.12650410837132, 37.37781720899785], [127.12664465969978, 37.377740023427975], [127.1281038777314, 37.37702252246372], [127.12828582449185, 37.37692330580489], [127.12851995758749, 37.37677890088935], [127.12851998013775, 37.37677888284479], [127.12860967249605, 37.37671310234769], [127.1287973057429, 37.37656568337914], [127.1290407492378, 37.37635341180093], [127.12947233368139, 37.37592946757458], [127.12980883713895, 37.37563041581705], [127.13022379817174, 37.375261719197205], [127.12563424949471, 37.3719690801732], [127.12870392356537, 37.36924330285913], [127.12894143064335, 37.3690324792509], [127.12920118750256, 37.36880179071849], [127.12923163872341, 37.368844348979785], [127.12925713380456, 37.36888010989707], [127.12929584604075, 37.36893438146777], [127.12948784738217, 37.3692041099676], [127.12957787146742, 37.369332650913215], [127.12969908202437, 37.36940457404779], [127.1299215387553, 37.36943910305262], [127.1299526506701, 37.36943838449963], [127.13011046241719, 37.36943808689002], [127.13013065879525, 37.369438046910496], [127.1303067241095, 37.36941067161138], [127.1306305352008, 37.36932619952064], [127.13064803566957, 37.36932088242863], [127.13076103416006, 37.369277546173834], [127.13164652988422, 37.3689267098829], [127.13202274464155, 37.368778807692976], [127.13270319455255, 37.36851129045558], [127.13259592704499, 37.36820067516556], [127.13238417078031, 37.36789086018798], [127.1318737226613, 37.367581608639156], [127.13179449422698, 37.367462626330784], [127.13173937995383, 37.367402877410825], [127.13162483777245, 37.36724980327481], [127.13161373902119, 37.3671703276239], [127.13155305846733, 37.36695287944982], [127.13149728882505, 37.366709206197015], [127.13172122871887, 37.366567445907904], [127.13222653493409, 37.36638978436297], [127.13286731683576, 37.36624549719817], [127.13284665252166, 37.36608019221763], [127.13300662673508, 37.36563470398412], [127.13342195687794, 37.365226981044465], [127.13403438270157, 37.36494245754562], [127.13458314094308, 37.36478822677236], [127.13493626568275, 37.364818193331075], [127.13519171147962, 37.36450485490786], [127.13521911341427, 37.364482082219155], [127.13551744227925, 37.36431507414242], [127.13573285852023, 37.36430148581986], [127.13608051451307, 37.364241100988224], [127.13619776276037, 37.3641751571196], [127.13639941325073, 37.36407069746913], [127.13641331089893, 37.36377519242822], [127.13669099984118, 37.36340716052158], [127.13664339012283, 37.36313894548226], [127.1362911105647, 37.362592870234145], [127.13645994885385, 37.36215816119932], [127.13663997729306, 37.36175805627481], [127.13672664831815, 37.361418903640725], [127.13653001948548, 37.36102681535535], [127.13669923787715, 37.36051723971881], [127.13664532261053, 37.36015600147862], [127.13713776795701, 37.35965512873276], [127.13730731005973, 37.35946704459355], [127.13625648391444, 37.35897175728886], [127.1358207833127, 37.35852391431027], [127.13523978462109, 37.358420297494426], [127.13481819466722, 37.357897731255996], [127.13420053681305, 37.358285819195714], [127.13360933055526, 37.35908598280748], [127.13346449746757, 37.35916291133652], [127.1333146784214, 37.35922893389325], [127.13324161620781, 37.35934697678427], [127.13258874952126, 37.3593428364851], [127.13207140905233, 37.35923773699006], [127.13170006745986, 37.35939543727027], [127.1311047764909, 37.359429140315584], [127.12990597684532, 37.36037867166352], [127.1294721986161, 37.36040082021377], [127.12911700131355, 37.3606666532923], [127.12888461633317, 37.36096025769572], [127.12799106759124, 37.3612401000185], [127.12781510083533, 37.36146359670609], [127.12719942273755, 37.36186635042854], [127.12688805255968, 37.36240972524376], [127.12627348092333, 37.362499774162764], [127.12531117679114, 37.36276992866693], [127.12498120539824, 37.3631803724686], [127.12485107911714, 37.36334222315289], [127.12459783602291, 37.36343157971282], [127.1244871895516, 37.36343961475139], [127.12332750364189, 37.36341810899008], [127.12315410955246, 37.36341486355021], [127.12316206315158, 37.36344693165568], [127.12319100577793, 37.36354439216738], [127.12322446251042, 37.363641037108394], [127.1232623200449, 37.363736596285904], [127.12330457810525, 37.36383088949208], [127.1233511239676, 37.363924006940344], [127.12340184432432, 37.364015678436644], [127.12345685178036, 37.3641057236558], [127.12351592057877, 37.36419414282471], [127.12364601559868, 37.36436556260987], [127.12371692851487, 37.36444829302443], [127.12386980686216, 37.364607164851066], [127.12403700718527, 37.364756741145534], [127.12421739918632, 37.36489612200129], [127.12442919139224, 37.36504610197754], [127.12460131824415, 37.36516963289462], [127.12446548726182, 37.36529015029053], [127.12095740101866, 37.36840126817399], [127.1206951901826, 37.36863723909717], [127.1202399714811, 37.36904081253885], [127.12011494458845, 37.36914887997079], [127.11998630068663, 37.36925433793843], [127.11985426527494, 37.36935700600083], [127.11971895124631, 37.369456884033994], [127.11958035846146, 37.36955388192511], [127.11943859981618, 37.36964799955021], [127.11929390095919, 37.36973914657156], [127.1191461487228, 37.36982714288737], [127.1189955690411, 37.369912078363754], [127.1188423875686, 37.36999386266436], [127.11871119554506, 37.370059947262384], [127.11855981485603, 37.370138575847335], [127.11841114846438, 37.37022053532264], [127.11826542186708, 37.37030564527219], [127.11812263505591, 37.37039390570676], [127.1179830138109, 37.370485316414516], [127.11784655798698, 37.370579787304855], [127.11733464352591, 37.37098619835501], [127.11246135625835, 37.3753055199011], [127.11246133370469, 37.37530553794261], [127.11244024099481, 37.375326659556215], [127.11246141247177, 37.37534368694941], [127.1121264192727, 37.37564088596791]]]}}, {"type": "Feature", "properties": {"legal_dong_code": "41135103", "legal_dong_name": "정자동"}, "geometry": {"type": "Polygon", "coordinates": [[[127.10345715500816, 37.374977417736325], [127.10347507744726, 37.375039572502594], [127.10346761608893, 37.37536592750208], [127.10345279755502, 37.37601233023333], [127.10344799775633, 37.37621983868653], [127.10347568428706, 37.3764054244084], [127.10348239499757, 37.3764502892892], [127.10349254648753, 37.37651812714583], [127.10349452328565, 37.376552219938894], [127.10346984214334, 37.37655182674926], [127.10349535572884, 37.376566653519404], [127.10351543651501, 37.37691338371785], [127.10359336130894, 37.37691244250191], [127.10362833827975, 37.37691202487163], [127.10362844590244, 37.376916457783885], [127.10363093933857, 37.377015117026374], [127.10364003206925, 37.37737612877645], [127.10363574463541, 37.37759480935988], [127.10363263937975, 37.37775276035616], [127.10362905519848, 37.37776565700667], [127.10360544893719, 37.37785054419365], [127.10359474166016, 37.37791432743069], [127.10358715921484, 37.37795951097519], [127.10357655278915, 37.37802275351203], [127.10361346215761, 37.37818148087476], [127.10350996118636, 37.379206657268085], [127.10349975400379, 37.37927308003035], [127.10347783976535, 37.379415630795435], [127.10349028408055, 37.379433730506655], [127.10348795893945, 37.37945930337186], [127.1034817176564, 37.37952786713051], [127.1034731735364, 37.37962181451945], [127.10346123247977, 37.379741975415634], [127.10344650338332, 37.37991280288921], [127.10344300182479, 37.37995347780781], [127.10347223970894, 37.38086699352043], [127.10347282987114, 37.38088591436258], [127.10347112638401, 37.38117889942672], [127.10349448008563, 37.3813652365652], [127.1034952957798, 37.38146732104565], [127.10349544041188, 37.381490747352956], [127.10349593587463, 37.38154812366348], [127.10349680616186, 37.381648829538236], [127.10349489946303, 37.38166660823968], [127.10350151938975, 37.38200260061745], [127.10350281353183, 37.382191164239124], [127.1035081662611, 37.38296705191676], [127.10379129618757, 37.38292649593325], [127.1044045401009, 37.38283864651485], [127.10474273691605, 37.382790192480606], [127.10525627495211, 37.38256147062025], [127.10553771580379, 37.382436117278225], [127.10595485059117, 37.38174723788677], [127.10622580163806, 37.381299778720994], [127.10679142481844, 37.38109758401137], [127.10689919984375, 37.381059059666455], [127.10904945262818, 37.38374638787272], [127.10915337243335, 37.38374212163181], [127.10958135841233, 37.3837245489514], [127.10964838652146, 37.383718405825455], [127.10974633763956, 37.383709432205826], [127.1098748391813, 37.38369766439772], [127.1101218281506, 37.383675137687355], [127.11013467588447, 37.38367385545537], [127.11017767918915, 37.38366219284238], [127.11048585879334, 37.38362607587025], [127.11124277045317, 37.38353734674019], [127.11124365103309, 37.3835372468114], [127.11128099644802, 37.38353286925772], [127.11133512843601, 37.3835259802907], [127.11143203539127, 37.38351364545397], [127.11148075980292, 37.38350744621832], [127.11149241031387, 37.38350596672844], [127.1116159711363, 37.38349024616157], [127.11163325496173, 37.38348804060029], [127.11164992917291, 37.38348591669569], [127.11167941668279, 37.38348216803479], [127.11168389851008, 37.38348159621964], [127.11169661020017, 37.383479980568694], [127.11198442929798, 37.38344335606892], [127.11199636200601, 37.383441831214995], [127.11200713193203, 37.383440460618964], [127.11216960649122, 37.38341978356275], [127.11223944162545, 37.38341089725252], [127.11224534588536, 37.38341014388112], [127.1122538241019, 37.383409072743675], [127.11230637541809, 37.3834023830357], [127.11231498908897, 37.38340128473647], [127.11240233375534, 37.38339016542464], [127.11242504766169, 37.38338727889405], [127.11250136247517, 37.38337738622428], [127.11250136274076, 37.38337756642729], [127.11259428423637, 37.38336574795747], [127.11274645143641, 37.38334638626285], [127.11284917187056, 37.38333331497388], [127.11296365560796, 37.383318745834245], [127.11305690403165, 37.38330667440834], [127.11305717496953, 37.383306638112145], [127.11338338612372, 37.383264378681226], [127.11098629637058, 37.3805063577553], [127.10909501096609, 37.37833015519486], [127.10916210479604, 37.37827062702111], [127.1092307771339, 37.37820965574384], [127.11022758600085, 37.37732547660339], [127.1121264192727, 37.37564088596791], [127.11244024099481, 37.375326659556215], [127.11243880545304, 37.37532550760013], [127.11246133370469, 37.37530553794261], [127.11246135625835, 37.3753055199011], [127.11733464352591, 37.37098619835501], [127.11745731014047, 37.370880388749825], [127.11758359332873, 37.370777368623095], [127.1177133801957, 37.370677138074335], [127.11784655798698, 37.370579787304855], [127.1179830138109, 37.370485316414516], [127.11812263505591, 37.37039390570676], [127.11826542186708, 37.37030564527219], [127.11841114846438, 37.37022053532264], [127.11855981485603, 37.370138575847335], [127.11871119554506, 37.370059947262384], [127.1188423875686, 37.36999386266436], [127.1189955690411, 37.369912078363754], [127.1191461487228, 37.36982714288737], [127.11929390095919, 37.36973914657156], [127.11943859981618, 37.36964799955021], [127.11958035846146, 37.36955388192511], [127.11971895124631, 37.369456884033994], [127.11985426527494, 37.36935700600083], [127.11998630068663, 37.36925433793843], [127.12011494458845, 37.36914887997079], [127.1202399714811, 37.36904081253885], [127.1206951901826, 37.36863723909717], [127.12095740101866, 37.36840126817399], [127.12446548726182, 37.36529015029053], [127.12460131824415, 37.36516963289462], [127.12442919139224, 37.36504610197754], [127.12421739918632, 37.36489612200129], [127.12412551194883, 37.364827739838915], [127.12403700718527, 37.364756741145534], [127.12395165927164, 37.3646832162641], [127.12386980686216, 37.364607164851066], [127.12379156327798, 37.364528857102115], [127.12371692851487, 37.36444829302443], [127.12364601559868, 37.36436556260987], [127.12357905058408, 37.36428084583561], [127.12351592057877, 37.36419414282471], [127.12345685178036, 37.3641057236558], [127.12340184432432, 37.364015678436644], [127.1233511239676, 37.363924006940344], [127.12330457810525, 37.36383088949208], [127.1232623200449, 37.363736596285904], [127.12322446251042, 37.363641037108394], [127.12319100577793, 37.36354439216738], [127.12316206315158, 37.36344693165568], [127.12315410955246, 37.36341486355021], [127.12332750364189, 37.36341810899008], [127.1244871895516, 37.36343961475139], [127.12459783602291, 37.36343157971282], [127.12485107911714, 37.36334222315289], [127.12498120539824, 37.3631803724686], [127.12531117679114, 37.36276992866693], [127.12627348092333, 37.362499774162764], [127.12688805255968, 37.36240972524376], [127.12719942273755, 37.36186635042854], [127.12781510083533, 37.36146359670609], [127.12799106759124, 37.3612401000185], [127.12888461633317, 37.36096025769572], [127.12911700131355, 37.3606666532923], [127.1294721986161, 37.36040082021377], [127.12990597684532, 37.36037867166352], [127.1311047764909, 37.359429140315584], [127.13170006745986, 37.35939543727027], [127.13207140905233, 37.35923773699006], [127.13258874952126, 37.3593428364851], [127.13324161620781, 37.35934697678427], [127.1333146784214, 37.35922893389325], [127.13360933055526, 37.35908598280748], [127.13420053681305, 37.358285819195714], [127.13481819466722, 37.357897731255996], [127.13481276581307, 37.35766181429861], [127.13460657226183, 37.357409508569106], [127.13425137612583, 37.35652316870713], [127.13372898505588, 37.355922737171674], [127.13361035378084, 37.355341504350505], [127.13384947121129, 37.35472406514122], [127.13426840543659, 37.35410500913252], [127.13424426311902, 37.353829603240285], [127.13436960762031, 37.353223129703544], [127.1345628092912, 37.35284883579962], [127.13429585291374, 37.35177101925288], [127.13375806574301, 37.35149867536697], [127.13319726550377, 37.35137280659259], [127.13288827873858, 37.35115522918316], [127.13198190309005, 37.35118014533414], [127.1311594060138, 37.35105285227702], [127.13077300507597, 37.35120609727525], [127.13046854860619, 37.35167949259562], [127.13014245601353, 37.35189073155688], [127.12902336851063, 37.352285905425305], [127.12849891747373, 37.352504264301565], [127.12785137409959, 37.35307514160275], [127.12725181903899, 37.35333851802539], [127.12713209188225, 37.35331352476098], [127.12695418938918, 37.353293422547324], [127.12681431766111, 37.353276559506526], [127.12671323527925, 37.35326438561408], [127.12653052760191, 37.3532799862909], [127.12641717108983, 37.35328498956135], [127.12622264563528, 37.353293547246935], [127.12600231066081, 37.353256368930516], [127.12569439981708, 37.353204433342235], [127.12481300856528, 37.3530567589104], [127.12480043064377, 37.353054041926065], [127.12449796230679, 37.35298865431808], [127.1240587501461, 37.35292007388736], [127.12376383767503, 37.35289186170319], [127.12316531227533, 37.35279406919773], [127.12300949824093, 37.3528357753943], [127.12200939039516, 37.352489725036506], [127.1210679016148, 37.352163970045986], [127.1206688297696, 37.35203642768961], [127.11756152382189, 37.353733886400335], [127.11201270428958, 37.356764285949836], [127.11169725581962, 37.356400567953166], [127.1116681092827, 37.35630598795392], [127.11163249802766, 37.356190149881584], [127.11160069314329, 37.35620738897374], [127.1115172293454, 37.35624981457588], [127.1114322952198, 37.35629025924014], [127.11134589077088, 37.35632872296338], [127.11125812887573, 37.35636520563777], [127.11116900927729, 37.3563995270564], [127.11107875785778, 37.356431777109094], [127.11098726175035, 37.3564619558978], [127.11089474657598, 37.35648997310892], [127.11080132521444, 37.356515828635814], [127.1107068846693, 37.356539432478655], [127.11061165082444, 37.35656087452872], [127.11051573643006, 37.35658006457823], [127.11041914149419, 37.35659700262545], [127.11032186602507, 37.356611688668806], [127.11022413577707, 37.356624122499106], [127.11012606363182, 37.35663430401165], [127.11002764946826, 37.35664214310362], [127.10992889329545, 37.35664763977419], [127.10983013387127, 37.35665088381431], [127.10973114545841, 37.35665187543054], [127.10875795050138, 37.35665059925572], [127.10826570924534, 37.3566498731571], [127.10452350256269, 37.35664472138293], [127.10407426624386, 37.356644120592186], [127.10356701290645, 37.35664338795638], [127.10355728290283, 37.35726015381079], [127.10355454955119, 37.357433926947515], [127.10355374851595, 37.357484231601994], [127.10355086928503, 37.35766698802996], [127.10354601487518, 37.35797493390703], [127.10356765468713, 37.3583846451624], [127.10358470699518, 37.35870733982182], [127.10359327142163, 37.358946913674274], [127.10358878623447, 37.361552757123214], [127.1035982257314, 37.36160473781236], [127.10377659686208, 37.362159981250066], [127.10379073294936, 37.362204019875556], [127.1038699494862, 37.36245060545908], [127.10401221862901, 37.36289346850526], [127.10401077929468, 37.36290585877007], [127.1040030692378, 37.36297213543171], [127.10400159042382, 37.362980399061364], [127.1039953390284, 37.363015300960804], [127.10400709196475, 37.363049853883815], [127.10415444096148, 37.363483071403664], [127.10423504672032, 37.363720059626026], [127.10424217568604, 37.363741020155], [127.10424558714479, 37.36375103652722], [127.10424529369354, 37.3637841942934], [127.10425923081891, 37.36383090905058], [127.10426541127002, 37.36385164514675], [127.10441283538051, 37.36434589726211], [127.10443788631336, 37.36442986848049], [127.1044812861507, 37.364575354323144], [127.10448552506918, 37.364620852102775], [127.10448551580814, 37.36510975411698], [127.10448550548452, 37.3653417755555], [127.10448551197753, 37.36537131095542], [127.10448549832886, 37.36584047158451], [127.10447720207023, 37.36588246629207], [127.10441178642442, 37.36609091088714], [127.10439835479478, 37.366133693941094], [127.10438656419599, 37.366171267676464], [127.10416727236615, 37.36686987398635], [127.10415960575384, 37.36689364951688], [127.10409613686025, 37.36709051412134], [127.10391583432587, 37.36764971646249], [127.10390494123799, 37.36768351409496], [127.1038933623902, 37.36771942971377], [127.10354455475607, 37.36881942436044], [127.1035401075161, 37.36905336865066], [127.10353853295412, 37.3691828013183], [127.10352895672801, 37.369639184442526], [127.10352772265415, 37.36990338212606], [127.1035268545895, 37.370087713214716], [127.10350581735855, 37.37114300397093], [127.1035037155182, 37.37142507853519], [127.10350266582493, 37.3715670258395], [127.10347805644318, 37.37156839858396], [127.10347764680337, 37.37170783149227], [127.1034767219606, 37.37201714279067], [127.10347472319387, 37.372692457517694], [127.1034740955255, 37.37290436847027], [127.10347170157148, 37.37371314219524], [127.10346868811085, 37.37406419934109], [127.10346591980522, 37.374387865316365], [127.10346569552306, 37.374414013043435], [127.10346529579911, 37.374460686104726], [127.10346185377382, 37.374862173532236], [127.10345715500816, 37.374977417736325]]]}}, {"type": "Feature", "properties": {"legal_dong_code": "41135104", "legal_dong_name": "율동"}, "geometry": {"type": "Polygon", "coordinates": [[[127.14546661039762, 37.392634747069316], [127.14543104871491, 37.39311274250573], [127.1450320206664, 37.39350501555226], [127.14501716820348, 37.39378220362285], [127.14552530482285, 37.394568333580274], [127.14548342029538, 37.39471659241057], [127.14651712237392, 37.394796060290375], [127.14701440917747, 37.39544934247137], [127.14820957789136, 37.396170425083525], [127.14895877236735, 37.396378339346256], [127.14917194212364, 37.39649816950804], [127.14920166421129, 37.39649722236762], [127.14941053997876, 37.39651768463649], [127.14987563348028, 37.39654147446755], [127.15038419813392, 37.3965267795085], [127.15079861403501, 37.39651392219094], [127.15143800330009, 37.39663705675808], [127.15226806092855, 37.39681141986571], [127.15271425137007, 37.396952922059654], [127.15369827706316, 37.3968977250884], [127.15385844367118, 37.39679940746245], [127.15421200809153, 37.39679577086155], [127.15428875114102, 37.39679814952785], [127.15508412623859, 37.39667474358928], [127.1554792830673, 37.396693078966145], [127.15577537944591, 37.3966694739534], [127.15602370617266, 37.39670149614632], [127.15627600867565, 37.396612830825184], [127.1565124322607, 37.39649676792823], [127.1567931931937, 37.39657264338268], [127.15681850482758, 37.39656878984455], [127.15693136844594, 37.39655158537325], [127.15706881270799, 37.39629706646893], [127.15735993063612, 37.39612263431651], [127.15849623236225, 37.39637666787073], [127.15895769944771, 37.396188346158574], [127.15957031865648, 37.39593835354442], [127.1598860758667, 37.396007723622084], [127.16052778161661, 37.39608377301737], [127.16073005188376, 37.39617857583578], [127.16121508967461, 37.39626044564588], [127.1614956601969, 37.396191787577195], [127.1619795943361, 37.39607336938204], [127.16202694635425, 37.396073142935435], [127.16213504470115, 37.39604119036959], [127.16229270286489, 37.39602228008486], [127.16282617282464, 37.39595944668986], [127.16341347492525, 37.39590109633022], [127.16358293957057, 37.39587959126125], [127.16415856807703, 37.39557779925337], [127.16454060129546, 37.39550348916949], [127.1649146706985, 37.395438937826], [127.16642935210056, 37.39558908850889], [127.16819851320015, 37.39557809345829], [127.16825941763692, 37.394782988973354], [127.16837904890296, 37.393974826896304], [127.1685029993793, 37.39383204843152], [127.16861231837048, 37.39320290504605], [127.16821768023065, 37.39264698660783], [127.16832663448193, 37.392571517184166], [127.16852529508911, 37.39242363262621], [127.16958465508624, 37.39198585163443], [127.16984601823795, 37.39172632112398], [127.1704235654555, 37.39159034545881], [127.17085748375548, 37.39131508668495], [127.17129523442124, 37.39146873973217], [127.17209232566219, 37.39138241077973], [127.17218032763328, 37.390814230225395], [127.17233797121581, 37.39037179368543], [127.17238008968306, 37.390057404882285], [127.17271204120492, 37.389998863420686], [127.17285866442904, 37.38921158770497], [127.17299996678194, 37.38883614627575], [127.17340126776242, 37.38863374537686], [127.17440059216307, 37.38855301740804], [127.17472482717058, 37.38825086517191], [127.17544458174773, 37.38796210574133], [127.17554852535902, 37.38786468826359], [127.17598333779584, 37.387505326515466], [127.17674383812644, 37.38738379950147], [127.17726067215375, 37.3870898783418], [127.17698029943655, 37.38648128955762], [127.17675419529539, 37.386137905546136], [127.17655547169282, 37.38547711595299], [127.17658233448847, 37.38525369647758], [127.17616019376403, 37.384789369661576], [127.17594241340251, 37.38466725207808], [127.17501291564193, 37.384146498877236], [127.17468764022809, 37.383875130216126], [127.17443204734609, 37.383712483446644], [127.17430092004204, 37.38344155048896], [127.17417047306418, 37.383186221970576], [127.17338431002966, 37.38270333240642], [127.17322217774972, 37.382643181833366], [127.17289366755567, 37.38259194001928], [127.17262674090935, 37.3825510419707], [127.17208857407405, 37.38234908180724], [127.17125553051693, 37.38248765822101], [127.17012255900694, 37.38159895802466], [127.16975273706097, 37.38122728397896], [127.16911842867506, 37.380876022454046], [127.16872843960628, 37.38081001641675], [127.16792116203511, 37.380274275533324], [127.16708190217491, 37.38031060203337], [127.16672454653298, 37.380212872969594], [127.16627088771666, 37.38027305396726], [127.16562978175189, 37.38008141617028], [127.1644365098148, 37.37969481804089], [127.16301487037514, 37.37995999074853], [127.16180035800265, 37.37964459331451], [127.16156817383654, 37.378836551859465], [127.16136222264421, 37.37854992871037], [127.16103654066642, 37.377844034494636], [127.16086929810899, 37.37733870849613], [127.16068720714492, 37.3772483024006], [127.16028946788069, 37.37708718559193], [127.15946495761209, 37.376782006925886], [127.15862791770228, 37.37646945079624], [127.15796946020157, 37.3764058468732], [127.15725962969952, 37.37609487868221], [127.15708604689634, 37.376179063888124], [127.15687021731722, 37.37624220252108], [127.15624355424191, 37.37614447075625], [127.15541221017864, 37.37581912596369], [127.15419002836391, 37.37563166754104], [127.15404085866855, 37.37536759169268], [127.15403460360524, 37.375127649890516], [127.15373943728778, 37.37468154009636], [127.153188563955, 37.37462017672392], [127.15259539112229, 37.37496574617353], [127.15245022064205, 37.37459806421378], [127.15117677270003, 37.37412500850797], [127.15116241625898, 37.37411583629638], [127.15113167030974, 37.37409704393098], [127.15104113183862, 37.37415734638165], [127.15090529966433, 37.374229905754035], [127.15080514664363, 37.37425846831667], [127.15071338949801, 37.37427372118851], [127.15054888931155, 37.3742709552231], [127.15048713285289, 37.374270762717615], [127.15016963758313, 37.37431702396422], [127.14977038100334, 37.374639188260076], [127.1494298023801, 37.3747751276675], [127.14902338470837, 37.37484483335391], [127.14892457783203, 37.374835135451974], [127.14889824900025, 37.37482336493731], [127.14875774309685, 37.37479380636848], [127.14861339031003, 37.37481777284119], [127.14847959023346, 37.3748689367464], [127.14833442740314, 37.37482496718536], [127.14825708886671, 37.37482407204352], [127.14813049222985, 37.37486396390115], [127.14800691041398, 37.374944758071436], [127.1479178062246, 37.37504776456531], [127.14740824159634, 37.37498450307909], [127.14741530410994, 37.37505766597588], [127.14750351066218, 37.37507368534316], [127.14752724142954, 37.37508482866322], [127.14750764896414, 37.37563609515262], [127.14722432079313, 37.37607307742306], [127.14697270886667, 37.376173580226904], [127.14695683898185, 37.37624592438126], [127.14685517677842, 37.37633124051168], [127.14680469221942, 37.37646873466377], [127.14669215405056, 37.37656424550294], [127.14655729720121, 37.37667867793177], [127.14665619553357, 37.37674060063775], [127.14654430898354, 37.377356637013335], [127.1464459552528, 37.37793606634619], [127.14459888042941, 37.379574381404424], [127.14514290689064, 37.380180403431936], [127.14523270922948, 37.380367102079795], [127.14561391006238, 37.38066720830368], [127.1456999866703, 37.380912116774695], [127.14559306071817, 37.380964920496915], [127.14567143538919, 37.38125610554479], [127.14590533255848, 37.3814937425743], [127.14638246966994, 37.381405814577235], [127.1467646085486, 37.38147880573316], [127.1471185289789, 37.38156200286972], [127.147102229352, 37.381844770829176], [127.14729035559881, 37.38215667812401], [127.14721570848788, 37.38220265886045], [127.14710567077891, 37.382398413977704], [127.14708021570307, 37.38258288330223], [127.14713009205877, 37.38296405980831], [127.14709052355424, 37.38299123811178], [127.1470651519114, 37.383020363145704], [127.14699217416208, 37.38308348801502], [127.14697217770822, 37.38313046455343], [127.14678174277063, 37.3832671304554], [127.14696541659899, 37.38368122787232], [127.14692289353302, 37.38375737095387], [127.14685343555303, 37.383988963349175], [127.14679570245583, 37.38410597713011], [127.14673222559853, 37.384183956918044], [127.14652354056862, 37.38435581143682], [127.14660249669008, 37.38491575896344], [127.1465765547534, 37.385264736140854], [127.14659822181355, 37.38532254575729], [127.14669293315681, 37.38547926031246], [127.14688203297143, 37.38564237314828], [127.14703924574958, 37.385887219999105], [127.14731867582938, 37.38608257640535], [127.14762293660762, 37.38605610749147], [127.14819689811485, 37.38631272703152], [127.1487376956303, 37.3869831853956], [127.1487485236546, 37.38697118841109], [127.14877273778411, 37.38692723376317], [127.14880828119675, 37.386954382144346], [127.14889986560136, 37.387067777959004], [127.1487650497821, 37.387141775094115], [127.14863015725436, 37.3875523103996], [127.14868166029468, 37.387835633640954], [127.14869056342724, 37.387924868120564], [127.14872298297196, 37.388716234442946], [127.14865990810291, 37.38889108283769], [127.14777560050237, 37.38929391540608], [127.14752936741417, 37.38975643136494], [127.14692842924997, 37.38998025410129], [127.14693012006968, 37.3905399624711], [127.14726771810099, 37.39072102927492], [127.1472490297105, 37.391106353259204], [127.14724505269558, 37.39118696293963], [127.1472985890468, 37.39126789817937], [127.1474099093738, 37.39143625965837], [127.14696255147236, 37.39156853005557], [127.14682775156372, 37.39166762718344], [127.14645914955202, 37.39201888058314], [127.14607432223058, 37.39227900601609], [127.14580090497303, 37.39240306725137], [127.14546661039762, 37.392634747069316]]]}}, {"type": "Feature", "properties": {"legal_dong_code": "41135105", "legal_dong_name": "서현동"}, "geometry": {"type": "Polygon", "coordinates": [[[127.13052909144587, 37.37526679268346], [127.13041670007904, 37.37536674794736], [127.13039719779536, 37.375384068733034], [127.13037673757688, 37.3753694044438], [127.13022508328677, 37.375260573506665], [127.13022379817174, 37.375261719197205], [127.12980883713895, 37.37563041581705], [127.12947233368139, 37.37592946757458], [127.1290407492378, 37.37635341180093], [127.12883692726352, 37.37653455564094], [127.1287973057429, 37.37656568337914], [127.1287264392414, 37.3766274792975], [127.12860967249605, 37.37671310234769], [127.12856316154024, 37.3767496525227], [127.12851995758749, 37.37677890088935], [127.12838689460209, 37.376868974220166], [127.1281038777314, 37.37702252246372], [127.12664465969978, 37.377740023427975], [127.12645786226516, 37.37784428837092], [127.12640936340766, 37.37787461376584], [127.12636063944807, 37.37790538988686], [127.1262747032387, 37.37796422687484], [127.12616619710725, 37.37804351364377], [127.12614986817626, 37.37805545130665], [127.12612841064342, 37.37807258422861], [127.12610893668423, 37.3780875706367], [127.126026174375, 37.378154242946394], [127.12181783464, 37.38189124027622], [127.12180577030301, 37.381901974642766], [127.12193025330772, 37.38200699657911], [127.12152389522223, 37.38236718545202], [127.11779568343043, 37.38567196253802], [127.11686324098996, 37.38649838634987], [127.1163536535044, 37.3869500208472], [127.11682116415894, 37.387425140022195], [127.11836938153473, 37.38899848728554], [127.1184886028299, 37.38912838593475], [127.11871678027951, 37.38939431994075], [127.11882539722826, 37.389530085349], [127.1189304038582, 37.38966765626919], [127.11903180015712, 37.38980703271077], [127.1191293599849, 37.3899480347048], [127.11931319601264, 37.390234915162516], [127.11953608976684, 37.39059122461082], [127.11964807716524, 37.3907211292719], [127.11971350042968, 37.3907970194701], [127.1198261434649, 37.391056309060524], [127.11990071791037, 37.39122796788933], [127.11999777220913, 37.39154782110539], [127.1209523339441, 37.39097976204709], [127.12205185024138, 37.39032541053702], [127.12244602885748, 37.390090834277494], [127.12376742952907, 37.388960683772275], [127.12712447675824, 37.385982102657636], [127.12725796780343, 37.38613107890196], [127.12858476153, 37.386607919870016], [127.12943841839746, 37.38659222290766], [127.12956469586288, 37.38661282762747], [127.12999474551337, 37.38672590719494], [127.13022075779459, 37.38687494170329], [127.13042817027531, 37.3874047742191], [127.13089615339686, 37.38761526296509], [127.13120826696085, 37.38819432806017], [127.13122260892234, 37.38822116258862], [127.13125363951917, 37.38826050292146], [127.13143935610917, 37.388519998683066], [127.13153958720135, 37.388769884225994], [127.13211924152169, 37.388981903109865], [127.13217823873174, 37.388972881848666], [127.1326705116666, 37.388870459131645], [127.13322771284025, 37.388361252780065], [127.133726231204, 37.3881338298588], [127.13428728428501, 37.38801674506163], [127.13441332167243, 37.388033578621766], [127.13463702097587, 37.388099876018366], [127.13497363989666, 37.38819733787676], [127.1352388986053, 37.388272047758754], [127.13525307723431, 37.38827604124357], [127.13544414821986, 37.38822414277496], [127.13548713268226, 37.38824071782049], [127.13567913919593, 37.38831474381183], [127.13582037586313, 37.38836919403556], [127.13585610288291, 37.38838756119855], [127.1359902068284, 37.388456678839404], [127.1360357010147, 37.38848104461298], [127.13633736752217, 37.38864404614184], [127.1363998621148, 37.3886778080012], [127.13654497342762, 37.38871980090544], [127.13690403338282, 37.38904867540196], [127.13696346884437, 37.38910152396411], [127.13723492987268, 37.389137397506495], [127.13753801684057, 37.38917744179424], [127.13807976278346, 37.3892661711094], [127.13813923247298, 37.38925643452768], [127.13849295249989, 37.389220795660506], [127.13859918285667, 37.38921092358528], [127.13918305980178, 37.3891566619606], [127.14020563360924, 37.388965551182025], [127.14070698047973, 37.388994677643105], [127.14128186963052, 37.38914329781258], [127.14158681723332, 37.38906546773554], [127.14203712775677, 37.38925357904878], [127.14239807117997, 37.38944029945088], [127.14258605558177, 37.38955618015563], [127.14298980028386, 37.38989953418269], [127.14314633496136, 37.390080027347516], [127.14303045767151, 37.390364841737444], [127.14300110891145, 37.390437012107554], [127.14327676513936, 37.39085567192268], [127.14380278021706, 37.39078482411033], [127.14419128090566, 37.391527404900465], [127.14502607679763, 37.39251372662777], [127.1454659437845, 37.39263456767786], [127.14546661039762, 37.392634747069316], [127.14580090497303, 37.39240306725137], [127.14607432223058, 37.39227900601609], [127.14645914955202, 37.39201888058314], [127.14682775156372, 37.39166762718344], [127.14696255147236, 37.39156853005557], [127.1474099093738, 37.39143625965837], [127.1472985890468, 37.39126789817937], [127.14724505269558, 37.39118696293963], [127.1472490297105, 37.391106353259204], [127.14726771810099, 37.39072102927492], [127.14693012006968, 37.3905399624711], [127.14692842924997, 37.38998025410129], [127.14752936741417, 37.38975643136494], [127.14777560050237, 37.38929391540608], [127.14865990810291, 37.38889108283769], [127.14872298297196, 37.388716234442946], [127.14869056342724, 37.387924868120564], [127.14868166029468, 37.387835633640954], [127.14863015725436, 37.3875523103996], [127.1487650497821, 37.387141775094115], [127.14889986560136, 37.387067777959004], [127.14880828119675, 37.386954382144346], [127.14877273778411, 37.38692723376317], [127.1487485236546, 37.38697118841109], [127.1487376956303, 37.3869831853956], [127.14819689811485, 37.38631272703152], [127.14762293660762, 37.38605610749147], [127.14731867582938, 37.38608257640535], [127.14703924574958, 37.385887219999105], [127.14688203297143, 37.38564237314828], [127.14669293315681, 37.38547926031246], [127.14659822181355, 37.38532254575729], [127.1465765547534, 37.385264736140854], [127.14660249669008, 37.38491575896344], [127.14652354056862, 37.38435581143682], [127.14673222559853, 37.384183956918044], [127.14679570245583, 37.38410597713011], [127.14685343555303, 37.383988963349175], [127.14692289353302, 37.38375737095387], [127.14696541659899, 37.38368122787232], [127.14678174277063, 37.3832671304554], [127.14697217770822, 37.38313046455343], [127.14699217416208, 37.38308348801502], [127.1470651519114, 37.383020363145704], [127.14709052355424, 37.38299123811178], [127.14713009205877, 37.38296405980831], [127.14708021570307, 37.38258288330223], [127.14710567077891, 37.382398413977704], [127.14721570848788, 37.38220265886045], [127.14729035559881, 37.38215667812401], [127.147102229352, 37.381844770829176], [127.1471185289789, 37.38156200286972], [127.1467646085486, 37.38147880573316], [127.14638246966994, 37.381405814577235], [127.14590533255848, 37.3814937425743], [127.14567143538919, 37.38125610554479], [127.14559306071817, 37.380964920496915], [127.1456999866703, 37.380912116774695], [127.14561391006238, 37.38066720830368], [127.14523270922948, 37.380367102079795], [127.14514290689064, 37.380180403431936], [127.14459888042941, 37.379574381404424], [127.14437169432054, 37.37944682881526], [127.14435105026789, 37.37943845627441], [127.14388377534088, 37.37948207926147], [127.1438774406161, 37.379445911071166], [127.14383984298095, 37.379231081883425], [127.14375339157431, 37.379196010196615], [127.14237651790042, 37.379150084392734], [127.14216359359324, 37.379159798469104], [127.14292105009369, 37.377035649195115], [127.1431443649559, 37.3768508537172], [127.1426667456976, 37.37520400499198], [127.14261480020254, 37.37507756415072], [127.14255179954152, 37.375016189914305], [127.14242206517689, 37.374708286729465], [127.14229029008705, 37.374395250015226], [127.14229514308346, 37.3743943432216], [127.14195425567316, 37.37352346461063], [127.14180498797666, 37.37321179958437], [127.14175596486577, 37.37313752377182], [127.14161329391541, 37.37291189784189], [127.1412792518664, 37.37255855351319], [127.1407310349295, 37.37213689304902], [127.13948697440996, 37.371243820298226], [127.13715844029936, 37.369572782484674], [127.13703974986589, 37.36948759211668], [127.13406775704537, 37.372126257472864], [127.13052909144587, 37.37526679268346]]]}}, {"type": "Feature", "properties": {"legal_dong_code": "41135106", "legal_dong_name": "이매동"}, "geometry": {"type": "Polygon", "coordinates": [[[127.11999777220913, 37.39154782110539], [127.12008165940026, 37.39182416840658], [127.12017059477753, 37.39215051689406], [127.12024190256265, 37.39246940457213], [127.12030711487624, 37.39278955973335], [127.12033966463643, 37.392949547248975], [127.12037230558927, 37.393109985166866], [127.12038331196554, 37.39327188644339], [127.12039260245085, 37.39343414984513], [127.1203980536952, 37.39359659730423], [127.1203983955773, 37.393813083740525], [127.1203936286099, 37.39408396054321], [127.12038564116614, 37.394246331392246], [127.12037946212818, 37.39440969153449], [127.12032902606252, 37.39491667097648], [127.11987936948972, 37.39862189383763], [127.11918592173726, 37.403232171038866], [127.11888671086481, 37.405461115032544], [127.1289242942934, 37.405415865170745], [127.1291309329133, 37.4054178137733], [127.12959406634515, 37.405416042592684], [127.12965522691475, 37.40542275194433], [127.12967901380019, 37.40542297844758], [127.12976317863304, 37.40543460035643], [127.1298461089207, 37.40545081871011], [127.12992735273903, 37.405471543900674], [127.13000679700107, 37.40549668595318], [127.13008376388746, 37.40552615550691], [127.13015791426147, 37.40555977273305], [127.1302291350311, 37.40559744765866], [127.13029979360704, 37.4056365647737], [127.13089672515495, 37.40603560232848], [127.13121784918485, 37.40624086159215], [127.13145889863458, 37.40638286681864], [127.13159539246837, 37.406217471031134], [127.13152595236555, 37.40616519857143], [127.13119370917694, 37.40593102983185], [127.13117554275183, 37.40591529104288], [127.13115559438215, 37.40590106790605], [127.13099485179477, 37.4057587939338], [127.13073288753938, 37.40553788188982], [127.13033227490857, 37.40521305341245], [127.12972550323099, 37.40466769913086], [127.1295460177253, 37.40445939923278], [127.12945652306847, 37.40436144787879], [127.12937391977219, 37.40427103048178], [127.1293155204882, 37.40420710367812], [127.12919750017427, 37.40407792681223], [127.1291242893154, 37.40399779767156], [127.12905348800223, 37.40387319188529], [127.12867468698282, 37.40321261669686], [127.12868376788701, 37.402838506289484], [127.12869369575799, 37.402571318181224], [127.12877499265316, 37.4020043222082], [127.12877501495191, 37.40200415099167], [127.12882883658395, 37.40151983444785], [127.12892351787617, 37.40066785132948], [127.12901287964783, 37.399863699550416], [127.12905180304924, 37.399513397543565], [127.12966244773536, 37.39968101967538], [127.13000813496252, 37.399850755912745], [127.13062449607753, 37.40012190231747], [127.13090528850411, 37.40036131004663], [127.13113405434038, 37.400556363185494], [127.13123454380649, 37.40064595788967], [127.13142331822222, 37.40087298623792], [127.13145044597456, 37.400918592761066], [127.13156262279108, 37.40136605684444], [127.13160092942759, 37.40149517496882], [127.13176036584228, 37.40193147732516], [127.1324260078483, 37.4020359625911], [127.1329800876022, 37.402204774393404], [127.13373911224674, 37.40251402978172], [127.13453560886299, 37.40251173987725], [127.13565718316657, 37.40262175697577], [127.13651037053756, 37.402659493536056], [127.13755268060505, 37.402497333001136], [127.13792324615665, 37.402561319525134], [127.13828646092905, 37.4026445680387], [127.13877985441445, 37.40266624232907], [127.1398250942132, 37.402404703653325], [127.13987433953079, 37.40212972891964], [127.1399527965005, 37.402078756879654], [127.14014185599329, 37.40199060551288], [127.14033114024886, 37.40186534985659], [127.14104865802936, 37.40181859872703], [127.1413583380704, 37.40127552560448], [127.14167212601826, 37.400611900180124], [127.14180440408315, 37.40022616365317], [127.14259321740693, 37.399795279587565], [127.14283338826948, 37.39934265699719], [127.14304824672399, 37.3989438456874], [127.14313239005834, 37.39864068901602], [127.14309811663506, 37.398215857059085], [127.1432159313106, 37.397808124355315], [127.14327067938476, 37.39764474999014], [127.14389261038794, 37.39782379109371], [127.14478787413913, 37.39719806394785], [127.14490372467326, 37.39704542693252], [127.14567408588736, 37.396889461860845], [127.14597558393687, 37.3967891354451], [127.14643092702951, 37.39669894544525], [127.14660403938606, 37.396668098700154], [127.14691185977806, 37.39660881233211], [127.14716502081812, 37.39655572840318], [127.14739720057585, 37.39651533807324], [127.14917194212364, 37.39649816950804], [127.14895877236735, 37.396378339346256], [127.14820957789136, 37.396170425083525], [127.14701440917747, 37.39544934247137], [127.14651712237392, 37.394796060290375], [127.14548342029538, 37.39471659241057], [127.14553196513934, 37.39453748375158], [127.1450238286426, 37.39375134480823], [127.14503868109246, 37.39347416574553], [127.14543770894319, 37.39308189267491], [127.14546661039762, 37.392634747069316], [127.1454659437845, 37.39263456767786], [127.14502607679763, 37.39251372662777], [127.14419128090566, 37.391527404900465], [127.14380278021706, 37.39078482411033], [127.14327676513936, 37.39085567192268], [127.14300110891145, 37.390437012107554], [127.14303045767151, 37.390364841737444], [127.14314633496136, 37.390080027347516], [127.14298980028386, 37.38989953418269], [127.14258605558177, 37.38955618015563], [127.14239807117997, 37.38944029945088], [127.14203712775677, 37.38925357904878], [127.14158681723332, 37.38906546773554], [127.14147689392924, 37.38909909762356], [127.14128186963052, 37.38914329781258], [127.14070698047973, 37.388994677643105], [127.14020563360924, 37.388965551182025], [127.13918305980178, 37.3891566619606], [127.13859918285667, 37.38921092358528], [127.13849295249989, 37.389220795660506], [127.13813923247298, 37.38925643452768], [127.13807976278346, 37.3892661711094], [127.13753801684057, 37.38917744179424], [127.13723492987268, 37.389137397506495], [127.13696346884437, 37.38910152396411], [127.13690403338282, 37.38904867540196], [127.13654497342762, 37.38871980090544], [127.1363998621148, 37.3886778080012], [127.13633736752217, 37.38864404614184], [127.1360357010147, 37.38848104461298], [127.1359902068284, 37.388456678839404], [127.13585610288291, 37.38838756119855], [127.13582037586313, 37.38836919403556], [127.13567913919593, 37.38831474381183], [127.13548713268226, 37.38824071782049], [127.13544414821986, 37.38822414277496], [127.13525307723431, 37.38827604124357], [127.1352388986053, 37.388272047758754], [127.13497363989666, 37.38819733787676], [127.13463702097587, 37.388099876018366], [127.13441332167243, 37.388033578621766], [127.13428728428501, 37.38801674506163], [127.133726231204, 37.3881338298588], [127.1332124635812, 37.38839069692294], [127.13265525081047, 37.38889991222339], [127.13217823873174, 37.388972881848666], [127.13211657187861, 37.38898570834241], [127.13153958720135, 37.388769884225994], [127.13143935610917, 37.388519998683066], [127.13125363951917, 37.38826050292146], [127.13122260892234, 37.38822116258862], [127.13120826696085, 37.38819432806017], [127.13089615339686, 37.38761526296509], [127.13042817027531, 37.3874047742191], [127.13022075779459, 37.38687494170329], [127.12999474551337, 37.38672590719494], [127.12956469586288, 37.38661282762747], [127.12943841839746, 37.38659222290766], [127.12858476153, 37.386607919870016], [127.12725796780343, 37.38613107890196], [127.12712447675824, 37.385982102657636], [127.12376742952907, 37.388960683772275], [127.12244602885748, 37.390090834277494], [127.12205185024138, 37.39032541053702], [127.1209523339441, 37.39097976204709], [127.11999777220913, 37.39154782110539]]]}}, {"type": "Feature", "properties": {"legal_dong_code": "41135107", "legal_dong_name": "야탑동"}, "geometry": {"type": "Polygon", "coordinates": [[[127.12867468698282, 37.40321261669686], [127.12905348800223, 37.40387319188529], [127.12919750017427, 37.40407792681223], [127.1293155204882, 37.40420710367812], [127.12937391977219, 37.40427103048178], [127.12945652306847, 37.40436144787879], [127.1295460177253, 37.40445939923278], [127.12972550323099, 37.40466769913086], [127.13033227490857, 37.40521305341245], [127.13073288753938, 37.40553788188982], [127.13099485179477, 37.4057587939338], [127.13117554275183, 37.40591529104288], [127.13152595236555, 37.40616519857143], [127.13159539246837, 37.406217471031134], [127.13145889863458, 37.40638286681864], [127.13138258376084, 37.406339341653165], [127.13121784918485, 37.40624086159215], [127.13105593391134, 37.40613958507189], [127.13089672515495, 37.40603560232848], [127.13029979360704, 37.4056365647737], [127.13015791426147, 37.40555977273305], [127.13000679700107, 37.40549668595318], [127.12976317863304, 37.40543460035643], [127.12965522691475, 37.40542275194433], [127.1291309329133, 37.4054178137733], [127.12525672836139, 37.405432554555574], [127.11888671087885, 37.40546112404266], [127.11852564743725, 37.40815083335216], [127.1182863339891, 37.410512622982864], [127.11868841192164, 37.411068230701545], [127.11889228016443, 37.411348063000055], [127.11898339036004, 37.41153646420574], [127.1190783640983, 37.41159475538033], [127.1191513412419, 37.41167198961406], [127.11915309943838, 37.4117850648522], [127.11916886186272, 37.41182442338586], [127.11916729386803, 37.41183298455855], [127.11924207764214, 37.411909586226976], [127.11935733351334, 37.412079762642826], [127.1195073693216, 37.412242786244775], [127.11967708300271, 37.41249219701288], [127.11985113708913, 37.412627805404334], [127.11999701111102, 37.412728933030614], [127.12009810543657, 37.4127990204921], [127.1202041147467, 37.41297722433164], [127.12028420075332, 37.413119683952125], [127.12022193765982, 37.41317651021277], [127.12035295702374, 37.4133119808445], [127.12043300250683, 37.41342840116177], [127.12047161799349, 37.413489541002605], [127.12039458500078, 37.41349250171823], [127.12027341048642, 37.41351145463396], [127.12008167003351, 37.41355147178047], [127.11996933050328, 37.41358591292318], [127.11991800447534, 37.413630474304625], [127.11985612774062, 37.41364612375348], [127.11981225899665, 37.413692029141664], [127.11976555660152, 37.41373181046889], [127.1196060655611, 37.413527485302126], [127.11942066831102, 37.41328345113761], [127.11926371241213, 37.4131748554504], [127.11881269253695, 37.41253657657583], [127.11886377429134, 37.41248030275582], [127.1187964143303, 37.41223880833922], [127.118646914968, 37.412056591751096], [127.11844679789654, 37.41179261316277], [127.11832734483096, 37.41168208698181], [127.11816332544166, 37.41160431138541], [127.11808799617654, 37.41139345879419], [127.11794468663463, 37.411413332161636], [127.11766612943501, 37.41155362338389], [127.11746158485184, 37.411931708520115], [127.11768139186096, 37.41251327607625], [127.11791026371512, 37.41281885436469], [127.11783478777924, 37.413170953901115], [127.11781125231404, 37.413291081903694], [127.11768724873006, 37.41483563664151], [127.11768480336069, 37.41486869715194], [127.11782392625207, 37.414912980235435], [127.1180061578605, 37.41500281186374], [127.11808296203706, 37.41504065973376], [127.11899947680769, 37.41554441801232], [127.11924968427844, 37.41568724970909], [127.12025869340826, 37.41628165586114], [127.12054339879155, 37.41644938112391], [127.12070018823853, 37.416490219178556], [127.12170016853213, 37.416750680313854], [127.12198461658754, 37.41675462557328], [127.1220792879575, 37.41690060999188], [127.12278369788906, 37.416860380245325], [127.12275588475129, 37.416796364905274], [127.122839266591, 37.41680555978476], [127.12297821604744, 37.41680830035322], [127.12301266794857, 37.41680709363995], [127.1231713590236, 37.41679314498841], [127.12334021074496, 37.41677549150945], [127.12341847351054, 37.416762616484576], [127.12345957282822, 37.41675068075559], [127.12350055624714, 37.41673694310979], [127.12352011027112, 37.416743950819274], [127.12360136982863, 37.4167679239325], [127.1237098586991, 37.416795022389174], [127.12380726376938, 37.41681384290973], [127.12390579089731, 37.416827976931046], [127.12400532724861, 37.41683751466839], [127.12410530769513, 37.416842276503026], [127.12436208402285, 37.41684858735976], [127.12803309689701, 37.41693833105609], [127.12820751986882, 37.416942559231735], [127.12842893777947, 37.41694799812828], [127.12851818931824, 37.41702097427718], [127.12851835492107, 37.417052149078366], [127.12876462745494, 37.4170589121608], [127.12900559914128, 37.41707063600654], [127.12906061395428, 37.41707147768091], [127.12913146201247, 37.41701652966277], [127.12968805886705, 37.417030884350616], [127.13014293785592, 37.41701561376387], [127.13130312698297, 37.417045430729424], [127.13129815748462, 37.417176893677826], [127.1314913641507, 37.41719902650454], [127.13163802063123, 37.4172158942929], [127.13179292291429, 37.41723239240914], [127.13187280069614, 37.41723942235087], [127.1319508634145, 37.4172420392877], [127.13210947579317, 37.4172482613717], [127.1321434805805, 37.417249755524395], [127.13225723505045, 37.417249539685194], [127.13231575018298, 37.41724938486194], [127.13241164569621, 37.417243061756544], [127.13249398678528, 37.417237474398874], [127.13252221503855, 37.41723014493518], [127.1325450095639, 37.41721624410737], [127.13260605060177, 37.417174639839935], [127.1325978076079, 37.41711175841828], [127.13252137637176, 37.41707291946205], [127.1327297901489, 37.417070345715], [127.13266557936876, 37.4171079891151], [127.13267574028889, 37.41716942678694], [127.1327470741827, 37.41720016220261], [127.13283627012395, 37.417174023949286], [127.13303735601916, 37.41711514461775], [127.13303669430786, 37.41705973318305], [127.13309373635, 37.41705705678302], [127.13329579331742, 37.417036919399855], [127.13349773563114, 37.41701588078846], [127.13369876588916, 37.41699015759509], [127.13389877093289, 37.41695965984998], [127.13409763792097, 37.4169244777859], [127.13429514105023, 37.41688470176326], [127.13449094139699, 37.41684033216996], [127.13468515173206, 37.41679127878635], [127.13474228301294, 37.41677535662975], [127.13469663854785, 37.41683505497891], [127.13470645166868, 37.41689054619751], [127.13474675946777, 37.41687914804467], [127.13478108945905, 37.41687298247963], [127.13492900330291, 37.41683443259753], [127.13498443979654, 37.416818332034275], [127.13502215000065, 37.41680729712425], [127.1350982119907, 37.41676486369599], [127.13523284082503, 37.41675164685012], [127.13532305812402, 37.41672892940624], [127.13548023244732, 37.41668928713996], [127.13555971714895, 37.41666604106921], [127.13578665501707, 37.41659982955804], [127.13572932071547, 37.416501774563116], [127.13565449872881, 37.41647906389875], [127.13582022582214, 37.4164216615591], [127.13579197804145, 37.416480980166355], [127.13585157858532, 37.41658290690338], [127.13587179089038, 37.4165783788812], [127.13613218575706, 37.416460500752635], [127.13616920041629, 37.41643973534973], [127.13633288554432, 37.41631475879284], [127.13629922962009, 37.416255600742886], [127.13641686352828, 37.416214830984764], [127.13652862294852, 37.416173887615706], [127.13663800324296, 37.4161291626136], [127.13674489159932, 37.41608074621511], [127.13684375789273, 37.41603143789102], [127.13682905630822, 37.416085064873926], [127.13683306964731, 37.416181017954045], [127.13687782556207, 37.41619367097682], [127.13712737410108, 37.416264294571675], [127.13711398599186, 37.41629449379545], [127.13736828669752, 37.41630654571596], [127.13780288302652, 37.41601078423923], [127.13841697135504, 37.415987639598185], [127.13843325057336, 37.416050448245585], [127.13848774683846, 37.416070847083624], [127.13854277413441, 37.41606648549843], [127.13861291706695, 37.416031841400994], [127.13862202345227, 37.41600794503906], [127.13862882411247, 37.415958552738275], [127.13859291221787, 37.41590209197818], [127.13888409052896, 37.41560299678111], [127.13922312301852, 37.415498535606346], [127.13960528115932, 37.41554679853821], [127.13960215559071, 37.41556099311321], [127.13962300536981, 37.41559631542474], [127.13966374527429, 37.415630308027296], [127.13970909306731, 37.415633021135704], [127.13973633696942, 37.41561939303184], [127.13977446394848, 37.415589984501835], [127.13978576416007, 37.41556760819207], [127.1397950996334, 37.415539521768785], [127.14015133266166, 37.41544014654707], [127.1408148511166, 37.415553164357945], [127.14114401222335, 37.415609269478956], [127.14141438812729, 37.41558011750894], [127.14146543658985, 37.4155746510279], [127.14166507229507, 37.415531526425575], [127.14181315744176, 37.41552756654909], [127.14196006854736, 37.41549982118968], [127.14237171647758, 37.41532759877578], [127.14263775226537, 37.4152136640344], [127.14326652935758, 37.415106898884936], [127.14336826321913, 37.41508962161872], [127.143358996811, 37.4149079888926], [127.1433017282071, 37.41472947717271], [127.14328270599577, 37.41458578869948], [127.1433073316142, 37.41446610488198], [127.14379050682854, 37.41444249459592], [127.14450604361579, 37.414218685176664], [127.14482868468728, 37.41383054433896], [127.14554145654726, 37.41334723171318], [127.14704700800169, 37.4123775216854], [127.14822590846634, 37.411534249653535], [127.14925526041016, 37.41079792261678], [127.14959944397668, 37.41074640468616], [127.15009382373282, 37.41085003152863], [127.1503634915197, 37.41070174623031], [127.15097022505223, 37.41067322969872], [127.15148813082854, 37.41033865896918], [127.15189671514948, 37.41041058135832], [127.15254689965283, 37.41075934517102], [127.15282607914335, 37.410849990407065], [127.15453778069346, 37.410511710155944], [127.15563791205726, 37.411098641853776], [127.15695954466543, 37.41058153305911], [127.15811092334401, 37.40973153102584], [127.15897359069281, 37.40894443273489], [127.15927171782688, 37.4089134009406], [127.15956029381653, 37.40863730592118], [127.15991731298963, 37.4084457055183], [127.1604213270572, 37.408720738882685], [127.16096276468811, 37.40851028144118], [127.16133347734457, 37.40854580340649], [127.16156658299862, 37.40841714796019], [127.16180912703332, 37.40811719688114], [127.16251361081733, 37.40786437985452], [127.16275340440353, 37.40793854877656], [127.16297327387487, 37.407754721610026], [127.16292974580189, 37.4075085614774], [127.16316570494274, 37.407249315283174], [127.16396241349825, 37.40712894741469], [127.16418304941696, 37.40691026577571], [127.1645789096373, 37.406664483028095], [127.16507055008051, 37.406477276455696], [127.16530813666685, 37.406493174810436], [127.1656200185531, 37.406425319626145], [127.16594807217247, 37.40658921750699], [127.16641057041736, 37.40658857342929], [127.16680804739508, 37.40635789093397], [127.16734351985586, 37.40606005942612], [127.16752047515494, 37.40578910199108], [127.1681244035165, 37.40574391375688], [127.16867821162226, 37.40584388331086], [127.16936309741526, 37.40590385755207], [127.17083556666736, 37.40572891700351], [127.17109705116987, 37.405599274047475], [127.17258906883167, 37.40518913743843], [127.17346389954616, 37.40537551331922], [127.17384891552854, 37.4055009593673], [127.17397406378274, 37.405157581329334], [127.17363990726771, 37.40480433078723], [127.17364330394683, 37.40434876496815], [127.17333132378451, 37.40389174764787], [127.17317031957127, 37.40313801417716], [127.17337333197258, 37.40290947477317], [127.17306228459802, 37.4026749873857], [127.1722818851723, 37.40229540306817], [127.17185362194067, 37.402120755768], [127.17143598930932, 37.40143627152742], [127.17167976756645, 37.40103017682677], [127.17120102072789, 37.4000553920424], [127.17063716591848, 37.39864837566467], [127.17074727330703, 37.39840490849155], [127.17036702752722, 37.39786518639565], [127.16963460218383, 37.39743168016154], [127.16938955528019, 37.39721301892812], [127.1690635112416, 37.39670909392051], [127.16915116985916, 37.396242505891045], [127.16863626500603, 37.395718430221436], [127.16819851320015, 37.39557809345829], [127.16642935210056, 37.39558908850889], [127.1649206121196, 37.395439506265085], [127.16415856807703, 37.39557779925337], [127.16356046093189, 37.39588243322957], [127.16320217905728, 37.39592209072059], [127.16282617282464, 37.39595944668986], [127.16229270286489, 37.39602228008486], [127.16213504470115, 37.39604119036959], [127.16200045271245, 37.39607326899518], [127.16121508967461, 37.39626044564588], [127.16073005188376, 37.39617857583578], [127.16052778161661, 37.39608377301737], [127.1598860758667, 37.396007723622084], [127.15957031865648, 37.39593835354442], [127.15895769944771, 37.396188346158574], [127.15849623236225, 37.39637666787073], [127.15735993063612, 37.39612263431651], [127.15706881270799, 37.39629706646893], [127.15693136844594, 37.39655158537325], [127.15681850482758, 37.39656878984455], [127.1567931931937, 37.39657264338268], [127.1565124322607, 37.39649676792823], [127.15627600867565, 37.396612830825184], [127.15602370617266, 37.39670149614632], [127.15577537944591, 37.3966694739534], [127.1554792830673, 37.396693078966145], [127.15508412623859, 37.39667474358928], [127.15428875114102, 37.39679814952785], [127.15385844367118, 37.39679940746245], [127.15369827706316, 37.3968977250884], [127.15271425137007, 37.396952922059654], [127.15226806092855, 37.39681141986571], [127.15079861403501, 37.39651392219094], [127.15038419813392, 37.3965267795085], [127.14987563348028, 37.39654147446755], [127.14941053997876, 37.39651768463649], [127.14927788600119, 37.39650468665578], [127.14917194212364, 37.39649816950804], [127.14865992462846, 37.39651437725364], [127.14799104375253, 37.39651936134212], [127.14739720057585, 37.39651533807324], [127.14691185977806, 37.39660881233211], [127.14677105531143, 37.39663834040703], [127.14660403938606, 37.396668098700154], [127.14597558393687, 37.3967891354451], [127.14567408588736, 37.396889461860845], [127.14490372467326, 37.39704542693252], [127.14478787413913, 37.39719806394785], [127.14389261038794, 37.39782379109371], [127.14327067938476, 37.39764474999014], [127.14309811663506, 37.398215857059085], [127.14313239005834, 37.39864068901602], [127.14304824672399, 37.3989438456874], [127.14283338826948, 37.39934265699719], [127.14259321740693, 37.399795279587565], [127.14180440408315, 37.40022616365317], [127.14167212601826, 37.400611900180124], [127.1413583380704, 37.40127552560448], [127.14104865802936, 37.40181859872703], [127.14033114024886, 37.40186534985659], [127.14014185599329, 37.40199060551288], [127.1399527965005, 37.402078756879654], [127.13987433953079, 37.40212972891964], [127.1398250942132, 37.402404703653325], [127.13941757365811, 37.40252581626188], [127.13877985441445, 37.40266624232907], [127.13828646092905, 37.4026445680387], [127.13755268060505, 37.402497333001136], [127.13651037053756, 37.402659493536056], [127.13565718316657, 37.40262175697577], [127.13454968387295, 37.40251312061313], [127.13373911224674, 37.40251402978172], [127.1329800876022, 37.402204774393404], [127.1324260078483, 37.4020359625911], [127.13176036584228, 37.40193147732516], [127.13160092942759, 37.40149517496882], [127.13156262279108, 37.40136605684444], [127.13145044597456, 37.400918592761066], [127.13123454380649, 37.40064595788967], [127.13062449607753, 37.40012190231747], [127.13024058873911, 37.399965832829395], [127.13000813496252, 37.399850755912745], [127.12966244773536, 37.39968101967538], [127.12905180304924, 37.399513397543565], [127.12901287964783, 37.399863699550416], [127.12892351787617, 37.40066785132948], [127.12882883658395, 37.40151983444785], [127.12877501495191, 37.40200415099167], [127.12876821758289, 37.40206526502608], [127.12869369575799, 37.402571318181224], [127.12867468698282, 37.40321261669686]]]}}, {"type": "Feature", "properties": {"legal_dong_code": "41135108", "legal_dong_name": "판교동"}, "geometry": {"type": "Polygon", "coordinates": [[[127.08715169003749, 37.38338357396486], [127.0872042964363, 37.38340349337457], [127.08711222557815, 37.38345200770182], [127.08707287788243, 37.383474201177975], [127.08701752611478, 37.383621971858794], [127.08682699008054, 37.384115469975235], [127.08682553370173, 37.38425520063528], [127.08550142136416, 37.38418758103337], [127.08546726957348, 37.38414129304259], [127.08545876061966, 37.38410507822613], [127.08541720724877, 37.3841042967985], [127.08536678964792, 37.38418423468398], [127.0853632621479, 37.384190273994314], [127.08541072704435, 37.38433837642378], [127.08548429022015, 37.3843072932146], [127.08549752014096, 37.38435461420652], [127.08545215189356, 37.38445673156], [127.08551448792264, 37.38450348608636], [127.08555060764319, 37.38451200206034], [127.08559101047958, 37.384523767647174], [127.08556954303273, 37.38458240302477], [127.08560165181946, 37.38461902453064], [127.085649295928, 37.384623675930285], [127.08565913117998, 37.384613874886334], [127.08575771149357, 37.384669145123986], [127.08582926277745, 37.3846865378089], [127.08582483619635, 37.38469635303151], [127.08589006043812, 37.38472040869987], [127.08594553018544, 37.38481616515741], [127.0859530562437, 37.38483148607006], [127.08596236349923, 37.38486438453667], [127.08596615605856, 37.384943680264726], [127.08596342789872, 37.385008014769134], [127.08595098773607, 37.3850712479573], [127.08592218561083, 37.38513410538552], [127.08588863801981, 37.38519433522457], [127.08584124265154, 37.385250808680766], [127.0856527027805, 37.385277703145974], [127.0855567781204, 37.38532615591903], [127.08491134289055, 37.38542266114494], [127.0849124300802, 37.38542554362989], [127.08487494804439, 37.385431147345564], [127.0850234277127, 37.38582338104453], [127.08468968865357, 37.386189915297564], [127.08477694333874, 37.38638693312837], [127.08484059119436, 37.3865772639646], [127.08488928361258, 37.38671176033738], [127.0849787861334, 37.386979749438744], [127.08501957203467, 37.38710162809587], [127.08493323246832, 37.38714079311755], [127.08432855684696, 37.387659031890834], [127.08422862835289, 37.38765373177051], [127.08462018393662, 37.38874401063395], [127.08469947839045, 37.38896983949693], [127.08490925381354, 37.3895516576928], [127.08501085953559, 37.38983495536566], [127.0850159537544, 37.389948209410306], [127.08516490829791, 37.39036275143042], [127.08507457271658, 37.390467603381744], [127.08523371977928, 37.39080573197821], [127.08538353436913, 37.390874643596156], [127.08550791123487, 37.39122036498116], [127.08557893949748, 37.391320056897584], [127.08560023825588, 37.39138167119622], [127.085620520822, 37.391443376314584], [127.08564035192121, 37.39150526195299], [127.08565939277602, 37.391567328352764], [127.08568002529806, 37.39163894437683], [127.08569453901586, 37.39169191373828], [127.08572176010246, 37.391798214146625], [127.08574706182651, 37.39190478621848], [127.08577021842856, 37.39201172021735], [127.08579032648923, 37.39211901678834], [127.08581032168102, 37.392226313434364], [127.08583020410434, 37.392333700256934], [127.08584848138494, 37.39241946385765], [127.0858683394822, 37.39250504612366], [127.0858895524463, 37.392590357113875], [127.0859122333098, 37.392675486848425], [127.08593638187536, 37.39276025512356], [127.08596188542239, 37.39284484222196], [127.0859878407371, 37.39292942899089], [127.08430450576795, 37.39720962815465], [127.08445244068112, 37.397304221095055], [127.08460154176325, 37.39753414537493], [127.08441102050776, 37.39794369996024], [127.084727713966, 37.398373351391015], [127.08523960850931, 37.39853733503805], [127.08539854006867, 37.39866606741951], [127.08540541711066, 37.39885788843877], [127.08591132505727, 37.39921820436486], [127.08611031682472, 37.39951665820768], [127.08616313460645, 37.399584196456544], [127.08640172421377, 37.39994253886086], [127.08720972084419, 37.40037182977451], [127.08747025917626, 37.40026288830449], [127.08789962948448, 37.400341774527625], [127.08864737913594, 37.400619008456324], [127.08875946905773, 37.40086066779918], [127.08883884026979, 37.40122822280511], [127.08876113024832, 37.40161166147694], [127.0887396937332, 37.40211804692636], [127.08870136425891, 37.40247145269633], [127.08906185222799, 37.40303440985225], [127.08985246820285, 37.403433241073785], [127.09055084430545, 37.40375942469736], [127.09109309929613, 37.40395876978557], [127.09132633717552, 37.40406022715477], [127.09179417091019, 37.40426377017916], [127.09190199755169, 37.40423422467254], [127.09224177329428, 37.40407871987888], [127.09245128238474, 37.404076486609505], [127.09247392496127, 37.40410222916184], [127.09252166267198, 37.4040896773564], [127.09256648683015, 37.40407747917036], [127.09261051861901, 37.404063839956635], [127.09265409719634, 37.404049029758596], [127.0926973363781, 37.404033769299595], [127.09274023605441, 37.40401796847873], [127.09278279589675, 37.40400135699268], [127.09282456390886, 37.40398375498818], [127.09286587903128, 37.40396525230551], [127.09294173388705, 37.403929333351606], [127.09301736179634, 37.40389260361253], [127.0930921982568, 37.40385524372862], [127.093108836375, 37.40384716677299], [127.09310809487135, 37.40385039297484], [127.09316597836961, 37.40382231760113], [127.09324173090398, 37.4037860831787], [127.093318252625, 37.4037508662554], [127.09339567936414, 37.403716909997726], [127.09347406779409, 37.403684376542294], [127.09355247878895, 37.40365187905767], [127.09363113864411, 37.403619750742486], [127.09371091871434, 37.40358936946722], [127.09379144582633, 37.403560357095216], [127.09388946106671, 37.40352583482644], [127.09389036047753, 37.40352246433406], [127.09392123849742, 37.403512664213075], [127.09396888223714, 37.40349767014984], [127.09401332054829, 37.40348445357108], [127.09401163087212, 37.40348809498659], [127.09401517599795, 37.40348703802781], [127.0940639634666, 37.40347451180794], [127.09411324982091, 37.403463570960625], [127.09416275150744, 37.40345324261314], [127.09420825660803, 37.40344423285735], [127.09421242319463, 37.40344340065879], [127.09424894078485, 37.40343665947615], [127.09426224249461, 37.40343420729737], [127.09431224308047, 37.403425491309775], [127.09436240275355, 37.4034175680678], [127.09441273256498, 37.40341023933965], [127.09443442536907, 37.403407312021905], [127.0944344592632, 37.403407321005396], [127.09446318726076, 37.40340344208976], [127.09451390334247, 37.40339796009223], [127.09456479006822, 37.40339347806339], [127.09461577937313, 37.40338975278311], [127.0946668492277, 37.40338723477524], [127.09471794192416, 37.40338492396036], [127.09476910294161, 37.40338306357616], [127.09482034579844, 37.40338344662836], [127.09487148821405, 37.4033848028321], [127.09492263070977, 37.40338622208456], [127.09498087949513, 37.40338937465366], [127.09504239257947, 37.403392713824985], [127.09516197601415, 37.40340101662217], [127.09528140293737, 37.40341058985125], [127.09540089694852, 37.40341959526803], [127.0954416840087, 37.403422166804596], [127.0954824819948, 37.40342444098405], [127.09552344781108, 37.40342544458721], [127.09556435573799, 37.40342531294548], [127.09560528574639, 37.40342477581604], [127.09564619106925, 37.40342256280732], [127.09568701657389, 37.403419746169114], [127.09572753503058, 37.40341525387672], [127.09576796251842, 37.40341027509577], [127.09580828767456, 37.40340475577462], [127.09584827228957, 37.40339787618129], [127.09588823420694, 37.40339091550137], [127.09592421821017, 37.40338211991691], [127.09596680883855, 37.403372886558046], [127.09600573913606, 37.403362890247564], [127.09604431840525, 37.40335218240438], [127.09608260300358, 37.40334067288243], [127.09612086501289, 37.403329172376246], [127.09615130084669, 37.40331830883089], [127.09616878790217, 37.40331206883196], [127.09617830472064, 37.40330865538311], [127.09621205949942, 37.403296545766594], [127.09621667679602, 37.40329489321433], [127.0962637507537, 37.403276348690056], [127.09631065493318, 37.40325753397913], [127.09635677828363, 37.403237530538206], [127.0964026187523, 37.403217130860384], [127.09644764457491, 37.40319559654199], [127.09649185585246, 37.40317300867507], [127.09650412496468, 37.403166835888385], [127.09649767655202, 37.403167336625714], [127.09653801673693, 37.40314703141465], [127.09658180953541, 37.40312402037392], [127.09662458422787, 37.40309974871715], [127.09666668032487, 37.403074756780214], [127.09670888933661, 37.4030497647373], [127.0967509854917, 37.40302486287144], [127.09679149802659, 37.40299807013849], [127.09683133219242, 37.402970737330335], [127.09687026187568, 37.40294268442739], [127.09688370107979, 37.40293300571554], [127.09688508067991, 37.402934347112726], [127.09689627436887, 37.402926283024456], [127.0969074680554, 37.40291821893514], [127.09691774744226, 37.40291057905868], [127.09691775872508, 37.40291057003945], [127.0969439362802, 37.40289075365212], [127.09696391751055, 37.40287427601033], [127.0969821497822, 37.40285910624658], [127.0969995004442, 37.40284342361429], [127.09701686238182, 37.402827731960144], [127.09703422430071, 37.40281203129331], [127.09705159751809, 37.402796339624885], [127.09706848466449, 37.40278032398185], [127.0971022024188, 37.40274825669359], [127.0971190443095, 37.40273219602915], [127.09715271675226, 37.40270005668182], [127.09716210216942, 37.40269110202733], [127.09718636661223, 37.402667944373405], [127.09720710013455, 37.402648078270865], [127.09722600619615, 37.402629952599725], [127.09720694434313, 37.40261438049529], [127.09722492081785, 37.402629061474975], [127.0974271001711, 37.40243532392997], [127.09753295885258, 37.402371986873945], [127.09763786824945, 37.40227297036114], [127.09759077968377, 37.402279315724684], [127.09768903201198, 37.40218553045195], [127.09793990751697, 37.401946377360034], [127.098121970197, 37.40177161233395], [127.098189764036, 37.40170650374926], [127.09834463566614, 37.4015541057379], [127.09843588891535, 37.40146429002506], [127.09847389733152, 37.401423533051236], [127.0985117928825, 37.40138286625886], [127.09854946216375, 37.40134192933568], [127.09858645329878, 37.40130063255151], [127.09862220112312, 37.401258615965645], [127.09865693175033, 37.401216059596194], [127.09869132340228, 37.40117341339346], [127.09872537584671, 37.40113049715518], [127.09875829815637, 37.401087041228045], [127.09878862130144, 37.401042416111856], [127.09881860535877, 37.4009976110639], [127.0988476855145, 37.400952536447946], [127.09887789549646, 37.400907821299676], [127.0989059585444, 37.400862296999364], [127.09893187466137, 37.4008159635485], [127.09895643489192, 37.400769180702085], [127.09895885708985, 37.400764547495704], [127.09895893613567, 37.40076453842041], [127.09896907564296, 37.40074520332072], [127.09897922645065, 37.400725877220914], [127.09899121359871, 37.40070302664284], [127.09900320075123, 37.40068018507361], [127.09900500330718, 37.400676732704994], [127.09900493556704, 37.40067675078112], [127.09900510455556, 37.40067642627686], [127.0990456337061, 37.400664048967634], [127.09905645939516, 37.40065133574488], [127.09901496255519, 37.400657758155155], [127.09901834238194, 37.40065131312032], [127.09902360365633, 37.400641289509515], [127.09902596951657, 37.40063676446977], [127.09903508380106, 37.40061940342945], [127.09903610902451, 37.400617456394315], [127.09905478821486, 37.40058186896637], [127.09907708858017, 37.400534367146214], [127.09908860768915, 37.40050771466582], [127.09913093357095, 37.4004787752121], [127.09912715096654, 37.40039235309696], [127.09922264982265, 37.40008617281828], [127.0992559356378, 37.39988837277951], [127.09926095512368, 37.39984007428947], [127.099266087658, 37.399791865806726], [127.09927110713109, 37.39974356731549], [127.09927273835105, 37.399695181523406], [127.09927448250657, 37.39964679563754], [127.09927622665995, 37.39959840975123], [127.09927638968702, 37.3995500251717], [127.09927587497272, 37.39950155105072], [127.09927513438458, 37.39945307711607], [127.09927111885216, 37.39940478609121], [127.09926665145933, 37.39935640533799], [127.0992603774302, 37.399308296381726], [127.09925410329211, 37.39926009732346], [127.09919015912917, 37.39889523951154], [127.09918136422593, 37.39881911109465], [127.09917324684112, 37.39874289201515], [127.09916851732245, 37.39866648993357], [127.09917045068671, 37.398589812044314], [127.0991734008209, 37.398513403618516], [127.09917827074032, 37.398436903504695], [127.09918698092997, 37.39836076062339], [127.09919727243356, 37.39828479663702], [127.09920982297591, 37.398209101086685], [127.09922655245065, 37.39813367238524], [127.09924475051754, 37.398058602872425], [127.09926701514756, 37.39798425080557], [127.09929120009653, 37.397910257551445], [127.09931662775, 37.39783662366933], [127.09934567020285, 37.397763707601605], [127.09937561654539, 37.39769115118358], [127.0994107596941, 37.39762003207757], [127.09944590277652, 37.397548912960346], [127.09948443534708, 37.39747896234225], [127.09952477549766, 37.39740955082112], [127.09956286839372, 37.397348971088064], [127.09960186517053, 37.39728875099806], [127.09964153984107, 37.39722880063637], [127.09968211838951, 37.39716920991614], [127.09972393985063, 37.397110158757705], [127.09976666530372, 37.39705155733996], [127.09980939057272, 37.39699286580495], [127.09985301994952, 37.39693471411068], [127.09989710122821, 37.39687674222664], [127.0999410695057, 37.3968187704197], [127.09997939694631, 37.39676530836444], [127.10001761139935, 37.3967118463904], [127.10005537382985, 37.39665820457739], [127.10009257118752, 37.396604292918596], [127.10012796050266, 37.396549571842556], [127.1001628977988, 37.39649467092965], [127.100197270144, 37.396439590274525], [127.1002299476215, 37.39638388031374], [127.10026251199992, 37.39632808033643], [127.10029405946456, 37.39627192079337], [127.10033979744979, 37.39618610600995], [127.10038361465406, 37.39609966210354], [127.10042551120141, 37.39601267917757], [127.1004651480646, 37.39592497731481], [127.10050365504308, 37.39583691597758], [127.10053990258588, 37.39574831590993], [127.100574229495, 37.39565917683012], [127.10060618405065, 37.39556949911831], [127.10063542734805, 37.395479192959044], [127.10066286332048, 37.39538861800218], [127.10069209377788, 37.395288670981614], [127.10071940385791, 37.395188365157416], [127.10074355109208, 37.39508752137057], [127.10076781487533, 37.394989470624374], [127.10085051254892, 37.394671703442576], [127.10088142727226, 37.394564817135866], [127.10092358849595, 37.39433727550366], [127.10096168934, 37.39437022060517], [127.10100332069523, 37.39416925931608], [127.10096193689087, 37.394130190087786], [127.10098937515426, 37.39398219336541], [127.10103179383346, 37.393753417065625], [127.1010880885562, 37.39353973907673], [127.10117302539679, 37.39320953570249], [127.10125846273678, 37.39274625192729], [127.1013043372157, 37.39253582624187], [127.10130311684073, 37.392535250622096], [127.10137716975694, 37.39223379860754], [127.10137488227235, 37.392228998129355], [127.1013701234917, 37.39222555126035], [127.1013639333421, 37.392224213974785], [127.10135763343288, 37.392225264471286], [127.10135262376467, 37.39222848532423], [127.10133822016334, 37.39224991460961], [127.10132290145494, 37.392271047330595], [127.10130746962025, 37.392292035982535], [127.10129081748934, 37.39231251208349], [127.10127418788693, 37.39233295212246], [127.10125725367203, 37.39235361766967], [127.10123743707275, 37.392372213310615], [127.10121706701554, 37.39239072832349], [127.10120027012753, 37.39240425770811], [127.10129021074283, 37.39213588662834], [127.10131504509178, 37.39203504209362], [127.10133071555266, 37.39199817735378], [127.10134389585251, 37.39196547740317], [127.10135535917578, 37.391932409484355], [127.10136595266039, 37.39189911704497], [127.10137630899129, 37.391865824804704], [127.10138604399378, 37.391832361895226], [127.10139867866613, 37.391788489811816], [127.10140508481909, 37.39176540940536], [127.10141169109643, 37.39173145357768], [127.10145759505495, 37.39149297917233], [127.10147023162615, 37.391425095024715], [127.10148223603007, 37.39134038044698], [127.1014838397701, 37.391340532263875], [127.10148436554094, 37.39133678359652], [127.10150303446662, 37.39133857885363], [127.10151967728908, 37.39129429790788], [127.10148005728529, 37.39128988940135], [127.10152190033796, 37.39104657993466], [127.1015233867125, 37.39103489251099], [127.10152863026542, 37.39104628591833], [127.10152981801444, 37.39103932006658], [127.10153525409125, 37.39105112777778], [127.10157704705485, 37.3908298391356], [127.10162011808684, 37.39060176474392], [127.10162184597986, 37.390601880413215], [127.101726343509, 37.390048577542416], [127.10177213058738, 37.38991888262901], [127.10181661771227, 37.389661154514656], [127.10189417799324, 37.38922443862064], [127.10189243874312, 37.38922425088366], [127.10189875574038, 37.38918539373583], [127.10192486065472, 37.38903099158568], [127.10195049973159, 37.38890838665801], [127.10197510426866, 37.38877216825682], [127.10201441203351, 37.38860284305282], [127.1020284152052, 37.38853588569739], [127.1020298947818, 37.38853611870388], [127.10203079301289, 37.38853227060405], [127.10212103619524, 37.38854670021751], [127.10213436103848, 37.38847922083698], [127.10213584028917, 37.38847921056823], [127.10217588772997, 37.38827229430305], [127.10217370824368, 37.388272206056605], [127.10217313129564, 37.38827986518013], [127.10209123797564, 37.38827742102205], [127.10208632563223, 37.388277199945826], [127.10208722262976, 37.388272432810574], [127.10208804116051, 37.3882680982295], [127.10209628267054, 37.388224563157294], [127.10209628265854, 37.38822455414716], [127.10210068932886, 37.38820126815627], [127.10210635188113, 37.388171376652544], [127.10210711433476, 37.38816733044396], [127.10215328888438, 37.38792335019065], [127.10215157181416, 37.38792283807291], [127.10216573748775, 37.38785936748588], [127.10218092463646, 37.38779135490804], [127.10219292026808, 37.38768421393394], [127.10223873621979, 37.387442711726], [127.10226196924279, 37.387320234889685], [127.10228520219061, 37.38719775804635], [127.10230971874493, 37.38706416156739], [127.10233422398127, 37.38693061014076], [127.10233857116116, 37.38691360426675], [127.1023385711732, 37.38691361327689], [127.1023572461032, 37.38680265527893], [127.10235999814523, 37.38679185876284], [127.10237521801571, 37.38671484497197], [127.10237614891236, 37.386710122855156], [127.10238177900935, 37.38669831474606], [127.1023865523813, 37.38667916408847], [127.10240223878318, 37.386613277440354], [127.10241863253208, 37.38654439881331], [127.10242656774751, 37.38644110859516], [127.1024300657857, 37.3864224545819], [127.10243007686009, 37.38642229238959], [127.10258569258667, 37.38559214362547], [127.10265331144237, 37.385242311399395], [127.10268322492318, 37.38506730849537], [127.10271121809801, 37.38489185671377], [127.1027498155026, 37.38462521301106], [127.10275125456907, 37.38460376759507], [127.10275980570336, 37.38458114476964], [127.10277294871219, 37.38446335268563], [127.10277126235634, 37.38446043483709], [127.10279511627743, 37.38424682852583], [127.10279698106277, 37.38424808835153], [127.10280543806833, 37.3841723146562], [127.10279919445253, 37.38414754205771], [127.10279520864178, 37.38412240711876], [127.10279336808325, 37.38409718024089], [127.10279367289597, 37.38407195152564], [127.10280313584067, 37.38397175041658], [127.1028118084843, 37.38387164008357], [127.10281912601893, 37.383771440807415], [127.10282565301786, 37.38367115210467], [127.10283161531119, 37.383570773782], [127.1028374647969, 37.3834704856556], [127.10284207222259, 37.383370198591386], [127.10284223577311, 37.38336587357287], [127.10284858118199, 37.383273333758126], [127.10284871742763, 37.38322354347791], [127.1028474825181, 37.383220454049884], [127.10284751516747, 37.383219543995416], [127.1028413893797, 37.38319837535958], [127.10283627956872, 37.38317702564964], [127.1028345733897, 37.38316774664284], [127.10284821144701, 37.38313282057408], [127.10287303041152, 37.383108174528694], [127.10287307433966, 37.38310725545434], [127.10287570169014, 37.38310464025511], [127.10288294447984, 37.38294902851801], [127.1028778506824, 37.38293957221169], [127.10289574917482, 37.38281512650434], [127.10287846753123, 37.3827267516062], [127.10283347586919, 37.38268768604564], [127.10283357768513, 37.3825955119763], [127.10283784300495, 37.382576677078305], [127.10283040548097, 37.38241972638181], [127.10281291236232, 37.382341893542126], [127.10280802589632, 37.382318651501876], [127.1027852624251, 37.38201601954829], [127.10279257014459, 37.381992586860534], [127.10277339744032, 37.38175716764996], [127.10267329947095, 37.38179734854699], [127.10191629814031, 37.38210127578473], [127.1018106333621, 37.38211650251773], [127.10171059564553, 37.3821178487346], [127.10166700410178, 37.382112029049665], [127.10155248131016, 37.38208896985017], [127.10132221457155, 37.382058439734905], [127.10124207255933, 37.38207733858617], [127.10117217085401, 37.38207009927497], [127.10103228433792, 37.3820781460121], [127.10094107312209, 37.382094170720244], [127.10090074335406, 37.3820787071336], [127.10071965392223, 37.38209417645422], [127.10041187630839, 37.38210849008064], [127.10042560162859, 37.382242459760775], [127.10059428224295, 37.38223538074046], [127.10058133519946, 37.382435777657136], [127.10052891374653, 37.38275622301168], [127.10046853375455, 37.38277762763657], [127.10047293156998, 37.382859165943955], [127.10032517179893, 37.38289172607887], [127.10033797950904, 37.38318688835], [127.10033265451115, 37.3832591543124], [127.10027392498976, 37.38367844626967], [127.10028855175614, 37.38370765401312], [127.09994485313744, 37.38379379840762], [127.09962401451384, 37.38385063080167], [127.09943847363144, 37.38389360086798], [127.09893618951045, 37.383616502670925], [127.09863546899088, 37.38360963197757], [127.09843938871293, 37.38406137319172], [127.09823147736516, 37.384244287517284], [127.09747454506613, 37.38432562615358], [127.09672489297529, 37.384486423714016], [127.09607258309569, 37.384899972876184], [127.09556448620971, 37.384773938433646], [127.09529257427029, 37.38465576984293], [127.09509822794993, 37.38464030016896], [127.09474486409795, 37.384725824400554], [127.09448174471845, 37.3848505609742], [127.09369179134093, 37.384678202226674], [127.09354351664908, 37.38464584507715], [127.09344463868865, 37.384647390634946], [127.09335284378513, 37.38460533043592], [127.0930315906583, 37.38445811915294], [127.09293386486571, 37.3844133241271], [127.09290818502804, 37.38440154967229], [127.09265388290085, 37.384480053240715], [127.09239613760809, 37.3845596130965], [127.09206704803624, 37.38446689867514], [127.09193606755822, 37.38442999415387], [127.09174582179176, 37.38465051000474], [127.09158098342486, 37.38472207722953], [127.09146503357366, 37.38471504744805], [127.09121042496292, 37.384699554133206], [127.09107555550798, 37.38480110175928], [127.09091487366561, 37.38492207663367], [127.09046345472048, 37.384784129050814], [127.09018170507247, 37.38485821494131], [127.0898366950312, 37.3843797181323], [127.08963327339222, 37.384259133694854], [127.08965211496508, 37.384246172050624], [127.08962423785967, 37.384228163486945], [127.08948242255579, 37.383981480690146], [127.0894649442087, 37.383943470800446], [127.0894231618179, 37.38383351480059], [127.08941667196359, 37.38381648140521], [127.0894412231661, 37.38380998484719], [127.089546304882, 37.383726463550886], [127.08925719839242, 37.383744203163424], [127.08916077547953, 37.38370044021492], [127.08908925908635, 37.383674066383435], [127.08893424598477, 37.38362103912125], [127.08879772577131, 37.38357553050563], [127.08877817288364, 37.383569021575845], [127.08869161092446, 37.38340113595634], [127.08847304590779, 37.38327518159434], [127.088432098615, 37.38325129871846], [127.08806441251379, 37.383274589340616], [127.08784412247611, 37.38328751775139], [127.08777017375807, 37.383295734916764], [127.08765498173106, 37.38330736089469], [127.08719499790186, 37.383358728604954], [127.08716641189977, 37.38336192989924], [127.08709001295043, 37.38337026554594], [127.08715169003749, 37.38338357396486]], [[127.09613765967636, 37.40332019385541], [127.09613767095935, 37.403320184836254], [127.09615130084669, 37.40331830883089], [127.09613765967636, 37.40332019385541]], [[127.09693456812255, 37.40289554559326], [127.09693457940536, 37.40289553657403], [127.0969439362802, 37.40289075365212], [127.09693456812255, 37.40289554559326]], [[127.09425155638344, 37.40343285514866], [127.09425896456321, 37.40343211951757], [127.09425157897209, 37.40343285513092], [127.09425155638344, 37.40343285514866]], [[127.10232861015817, 37.38693772394101], [127.10233085139765, 37.386933361114], [127.1023288636697, 37.386941526011526], [127.10232861015817, 37.38693772394101]]]}}, {"type": "Feature", "properties": {"legal_dong_code": "41135109", "legal_dong_name": "삼평동"}, "geometry": {"type": "MultiPolygon", "coordinates": [[[[127.09615130084669, 37.40331830883089], [127.09612086501289, 37.403329172376246], [127.09608260300358, 37.40334067288243], [127.09604431840525, 37.40335218240438], [127.09600573913606, 37.403362890247564], [127.09596680883855, 37.403372886558046], [127.09592421821017, 37.40338211991691], [127.09588823420694, 37.40339091550137], [127.09584827228957, 37.40339787618129], [127.09580828767456, 37.40340475577462], [127.09576796251842, 37.40341027509577], [127.09572753503058, 37.40341525387672], [127.09568701657389, 37.403419746169114], [127.09564619106925, 37.40342256280732], [127.09560528574639, 37.40342477581604], [127.09556435573799, 37.40342531294548], [127.09552344781108, 37.40342544458721], [127.0954824819948, 37.40342444098405], [127.0954416840087, 37.403422166804596], [127.09540089694852, 37.40341959526803], [127.09528140293737, 37.40341058985125], [127.09516197601415, 37.40340101662217], [127.09504239257947, 37.403392713824985], [127.09498087949513, 37.40338937465366], [127.09492263070977, 37.40338622208456], [127.09487148821405, 37.4033848028321], [127.09482034579844, 37.40338344662836], [127.09476910294161, 37.40338306357616], [127.09471794192416, 37.40338492396036], [127.0946668492277, 37.40338723477524], [127.09461577937313, 37.40338975278311], [127.09456479006822, 37.40339347806339], [127.09451390334247, 37.40339796009223], [127.09446318726076, 37.40340344208976], [127.0944344592632, 37.403407321005396], [127.09443442536907, 37.403407312021905], [127.09441273256498, 37.40341023933965], [127.09436240275355, 37.4034175680678], [127.09431224308047, 37.403425491309775], [127.09426224249461, 37.40343420729737], [127.09424894078485, 37.40343665947615], [127.09421242319463, 37.40344340065879], [127.09420825660803, 37.40344423285735], [127.09416275150744, 37.40345324261314], [127.09411324982091, 37.403463570960625], [127.0940639634666, 37.40347451180794], [127.09401517599795, 37.40348703802781], [127.09401163087212, 37.40348809498659], [127.09401332054829, 37.40348445357108], [127.09396888223714, 37.40349767014984], [127.09392123849742, 37.403512664213075], [127.09389036047753, 37.40352246433406], [127.09388946106671, 37.40352583482644], [127.09379144582633, 37.403560357095216], [127.09371091871434, 37.40358936946722], [127.09363113864411, 37.403619750742486], [127.09355247878895, 37.40365187905767], [127.09347406779409, 37.403684376542294], [127.09339567936414, 37.403716909997726], [127.093318252625, 37.4037508662554], [127.09324173090398, 37.4037860831787], [127.09316597836961, 37.40382231760113], [127.09310809487135, 37.40385039297484], [127.093108836375, 37.40384716677299], [127.0930921982568, 37.40385524372862], [127.09301736179634, 37.40389260361253], [127.09294173388705, 37.403929333351606], [127.09286587903128, 37.40396525230551], [127.09282456390886, 37.40398375498818], [127.09278279589675, 37.40400135699268], [127.09274023605441, 37.40401796847873], [127.0926973363781, 37.404033769299595], [127.09265409719634, 37.404049029758596], [127.09261051861901, 37.404063839956635], [127.09256648683015, 37.40407747917036], [127.09252166267198, 37.4040896773564], [127.09247392496127, 37.40410222916184], [127.09265271359914, 37.40430545918333], [127.09269349111494, 37.40458879638656], [127.0926891337477, 37.40462799381804], [127.09280376460656, 37.40478856502367], [127.09292891438594, 37.40497035585007], [127.09301823841098, 37.40510579011538], [127.0929383824109, 37.405121709715615], [127.09270075777076, 37.405151563564516], [127.09266808094041, 37.405159598765586], [127.09246272249241, 37.40529972026428], [127.09264038485703, 37.40536335718165], [127.09271977278885, 37.40538965060431], [127.09291015788743, 37.405643003606954], [127.0934378786169, 37.40602192998857], [127.09369389984685, 37.40620007717052], [127.09386528064859, 37.40628737773095], [127.09391387226637, 37.4063070178905], [127.0941652820818, 37.40649925948632], [127.09423876939417, 37.4065753014249], [127.09446734840279, 37.40680867348402], [127.09450477084754, 37.406847351568636], [127.09475636763463, 37.40697816069132], [127.09481871372016, 37.406976868112885], [127.0949780343007, 37.40697294902202], [127.09521532276297, 37.40693227871655], [127.09541564647628, 37.40694877952565], [127.09546234339113, 37.40697002435354], [127.09548705894163, 37.40698097003868], [127.09552801440218, 37.406999255071455], [127.09558884889528, 37.40702659747404], [127.09564856521777, 37.40705392271512], [127.0958356302058, 37.407080272426], [127.09598110065697, 37.407101140881274], [127.0961343896823, 37.40712394007848], [127.09651542738797, 37.4070022591218], [127.09677858762103, 37.40686919306235], [127.0968580970843, 37.40662353992245], [127.09710433019306, 37.40657498376016], [127.09723084575946, 37.40655022970347], [127.09771830923756, 37.40656962935014], [127.09802445730222, 37.40658019201955], [127.098346361421, 37.406669516542536], [127.09844296816495, 37.40669745888634], [127.09886396014528, 37.40681082084078], [127.09930437303963, 37.406918398751706], [127.09949372575507, 37.40695743605276], [127.09950952799151, 37.40694931384279], [127.09961768864115, 37.40691543617536], [127.0996634266682, 37.40691071295212], [127.09978189538855, 37.40689971230109], [127.099799741717, 37.40690005787322], [127.09983804207913, 37.406908315348026], [127.09990870250893, 37.406959974700285], [127.09991807912445, 37.40696140851756], [127.09996543109597, 37.40698164188695], [127.09997514479247, 37.40698172389994], [127.09999131700931, 37.40705783699682], [127.10001290285206, 37.40717101324342], [127.10007240660306, 37.40729342930455], [127.09991851834033, 37.40768588541308], [127.09985185977409, 37.407879370255756], [127.09986456928891, 37.40794187193801], [127.099922668737, 37.408009345480075], [127.1000169651757, 37.40808261839488], [127.1000114992497, 37.40817819334942], [127.10010843013777, 37.40824467937004], [127.10021762286804, 37.408669145358964], [127.10023976805779, 37.40861402995818], [127.10026534434984, 37.408806518922276], [127.10123898195116, 37.40917853167906], [127.10165798047254, 37.409248708796056], [127.10201913558002, 37.4093094099082], [127.10244616250725, 37.409721844953204], [127.10267930586292, 37.40952672971456], [127.10278455911013, 37.409496194407005], [127.10296393626903, 37.40933504775318], [127.10316569210855, 37.40915152746935], [127.10360017815029, 37.408763961082144], [127.1037676617323, 37.40861382482108], [127.10409207592629, 37.40870193314455], [127.10409564718522, 37.40870339869655], [127.10410072841486, 37.4087022409922], [127.1045812760337, 37.4085841418518], [127.10460527983064, 37.40856888480532], [127.10484088236494, 37.40859199735583], [127.10493382595946, 37.408457692273174], [127.10532131626482, 37.40845013560747], [127.10553579898277, 37.40831141644374], [127.10561072444047, 37.40822541193341], [127.10563500821715, 37.408192332403424], [127.10570383512729, 37.40810705401259], [127.10573735529388, 37.40807190300318], [127.10638783121068, 37.40772788890266], [127.10647325909218, 37.40768212275435], [127.10668312188211, 37.40772405861677], [127.10707247788672, 37.40712498878717], [127.10710920865317, 37.40706044348435], [127.10736288846181, 37.40713842456367], [127.10758675897823, 37.407062358679816], [127.10772990006363, 37.407087098133196], [127.10813249861927, 37.40720125450335], [127.10833246970147, 37.40723738482959], [127.10865667255415, 37.407264752591026], [127.10897051945898, 37.407316726519376], [127.109125855151, 37.40725910064556], [127.10921705410993, 37.40729334619083], [127.1094326752146, 37.40737288920654], [127.10959274938621, 37.407390312744774], [127.10965378975037, 37.40734493600145], [127.10966906883233, 37.407366456227855], [127.10987397957773, 37.4073808650235], [127.11004025788452, 37.407392605890664], [127.11042403751134, 37.40737729621273], [127.11051223669739, 37.407367484005356], [127.11060382237422, 37.40735631708896], [127.11079175478034, 37.407345872009586], [127.111503609443, 37.40730178317127], [127.11144360638366, 37.4074378918715], [127.11173272938984, 37.40749627863742], [127.11176288052107, 37.407491925667955], [127.11190489415891, 37.40751657101397], [127.1119899529561, 37.4075218976474], [127.11202530941311, 37.40752411713909], [127.11205091754712, 37.40750273920475], [127.11210631911858, 37.407464214163845], [127.11239901409408, 37.40749340315222], [127.11286057376574, 37.40760226222987], [127.11292476722288, 37.407627970720675], [127.11317497931056, 37.40772333212688], [127.11325663615682, 37.407719380632365], [127.11362397722877, 37.40781417983071], [127.11370868571478, 37.407887261698605], [127.11371126475268, 37.4078746450766], [127.11396086354303, 37.407936307530036], [127.11397714921338, 37.4079502577347], [127.11419985717525, 37.4080058183715], [127.11441478758731, 37.40807183775912], [127.11463491503638, 37.408138482491836], [127.11489738108611, 37.408267976889185], [127.11507584410339, 37.40834349066527], [127.11509890071147, 37.40835319945271], [127.11513043419932, 37.40836659424143], [127.11511062236421, 37.40841130349175], [127.11512701708342, 37.40842246029348], [127.11515583488897, 37.40843261404], [127.11528466409627, 37.40847573874571], [127.1154421549959, 37.408500364944], [127.11573615258575, 37.408565675003814], [127.11593100847435, 37.40865000156843], [127.11608683401984, 37.40884158610373], [127.11630640882416, 37.40891372442405], [127.11642207290033, 37.40898875650179], [127.11648297759983, 37.40900428481033], [127.11668060960156, 37.409056170990574], [127.11689447667308, 37.40923562433494], [127.11716087734095, 37.40956837819476], [127.11730164494226, 37.40966041397698], [127.11736276776756, 37.40981713022365], [127.1176348173456, 37.41007482313603], [127.1180549407069, 37.41032579216656], [127.11818349910642, 37.410409639708845], [127.11825359593922, 37.41037902621239], [127.11826130195253, 37.41039523682098], [127.11825837454079, 37.410474078266525], [127.11828430776652, 37.41050982283647], [127.1182863339751, 37.41051261397275], [127.11852562511342, 37.408151004566605], [127.11887342415176, 37.40555979813335], [127.118885027994, 37.40546113472326], [127.11892143312554, 37.40520213848202], [127.11906936534282, 37.40410032298312], [127.11918592173726, 37.403232171038866], [127.1193517336716, 37.402229718796995], [127.11959853385238, 37.40073270909818], [127.11980235389838, 37.39920114258234], [127.11987936948972, 37.39862189383763], [127.11997368507478, 37.39791315195177], [127.1199774376188, 37.39771420430552], [127.12000042982496, 37.39754118658015], [127.12004418305611, 37.39721281321317], [127.12007152771123, 37.39700699418335], [127.12011811289187, 37.396827825862374], [127.12020048135106, 37.39620856627736], [127.120328725815, 37.39491962660545], [127.11835305332868, 37.39492159512412], [127.1183534833675, 37.395198656632594], [127.11666607070481, 37.39520031181097], [127.11663590044947, 37.39492291884241], [127.11272245406936, 37.394926663848324], [127.11272405342501, 37.396009231145996], [127.11264430449268, 37.39607300782969], [127.11205039418759, 37.39607356447202], [127.11202814258036, 37.39607088222643], [127.11200735287677, 37.3960639638434], [127.11198949359444, 37.39605307825612], [127.11197546938192, 37.39603903553366], [127.11196482467645, 37.39601922316144], [127.11195633018053, 37.39600247222872], [127.11194535276964, 37.39598680483118], [127.11193196033624, 37.39597231100629], [127.11191640159579, 37.3959591707238], [127.1118989934188, 37.39594783419431], [127.11187984860472, 37.39593821121024], [127.11185944186334, 37.39593057163217], [127.11183786380317, 37.3959250955777], [127.11181572425514, 37.39592178247747], [127.11179324908119, 37.395920632120465], [127.11068549958053, 37.39592165997813], [127.1106585111953, 37.39592330671643], [127.11063656269597, 37.395927102222245], [127.11063651753628, 37.395927111274084], [127.11063623531085, 37.39592718361563], [127.1106151594282, 37.395933077675664], [127.11059503534369, 37.395941160318834], [127.11059460654164, 37.39594139497811], [127.11057622400746, 37.39595113387798], [127.11055950425792, 37.39596272733123], [127.11055914320178, 37.39596295291779], [127.1105588048887, 37.39596328660506], [127.11054407479956, 37.39597630182403], [127.1105314359841, 37.395990720695615], [127.11053110901612, 37.39599109041293], [127.11052074236164, 37.39600704792312], [127.11051207346799, 37.39602561680909], [127.1105023847889, 37.39604184399698], [127.11048806249572, 37.39605573281688], [127.11046978261516, 37.39606620142704], [127.1104487867501, 37.39607279817478], [127.11042642943747, 37.39607507130392], [127.1099538760005, 37.396075505584264], [127.10936500935875, 37.39604937409028], [127.10906781711174, 37.396049644765085], [127.1089331276288, 37.39607679762086], [127.10793469409364, 37.39607770036109], [127.10779732986632, 37.39605043306406], [127.10722939404168, 37.396050942145756], [127.1070878253681, 37.395956642314225], [127.10698933570568, 37.39570570759356], [127.10691196089725, 37.395613242401346], [127.10685594389406, 37.395498187721444], [127.10680777101219, 37.39540393946247], [127.1066661509908, 37.39515844893027], [127.106442362462, 37.39483112893317], [127.10637323802514, 37.39474217000959], [127.106286358525, 37.39463511638326], [127.10621475751398, 37.39455156564561], [127.10608808412888, 37.39441355219319], [127.10603549687781, 37.39435962790917], [127.10606910835891, 37.39432968451105], [127.10608330719735, 37.39430786740237], [127.10612491409333, 37.39426169865439], [127.10555231637194, 37.394638016991564], [127.10476080440739, 37.39506937763377], [127.10433696678692, 37.394575576474764], [127.10432001895673, 37.39458602495875], [127.10427354870978, 37.39461120365607], [127.10422206827911, 37.39463099861939], [127.10410026917491, 37.39467784897959], [127.10396014595943, 37.394694909527516], [127.10389295620399, 37.39469767075959], [127.1035114807443, 37.39478323638453], [127.10335657625004, 37.394809859719864], [127.10318504861552, 37.39490362273028], [127.10259192096619, 37.395227955815855], [127.1024327936715, 37.395306660187636], [127.1023529954673, 37.39533961528999], [127.10230665671871, 37.395354197169276], [127.10226855555872, 37.39536401465557], [127.10222520265579, 37.395373512237114], [127.10218094195469, 37.39537976692338], [127.10213622638997, 37.39538367934246], [127.10209128062432, 37.39538434828821], [127.10204660083862, 37.395381232729925], [127.10200221143008, 37.39537568416887], [127.10195928424186, 37.39536571937809], [127.10189476187925, 37.395345240045344], [127.10187533614979, 37.395369484813195], [127.10182042003126, 37.395345834725894], [127.10178188219508, 37.395324603466136], [127.10174571245359, 37.395300757244506], [127.10171111885212, 37.395273215516724], [127.10172960895002, 37.39525022397852], [127.10179893054165, 37.39515186452679], [127.10180052727345, 37.39507888099529], [127.10174985500579, 37.395019366895795], [127.1015510649677, 37.39487639104472], [127.10155843608243, 37.39472949240112], [127.10146690399371, 37.39460036430766], [127.10128226288164, 37.394335955299425], [127.10110959467687, 37.39408944807941], [127.10103095135274, 37.393978914731754], [127.10100844737049, 37.39396394979284], [127.10099224077861, 37.39398009159056], [127.10098937515426, 37.39398219336541], [127.10096193689087, 37.394130190087786], [127.10100332069523, 37.39416925931608], [127.10096168934, 37.39437022060517], [127.10092358849595, 37.39433727550366], [127.10088142727226, 37.394564817135866], [127.10085051254892, 37.394671703442576], [127.10076781487533, 37.394989470624374], [127.10074355109208, 37.39508752137057], [127.10071940385791, 37.395188365157416], [127.10069209377788, 37.395288670981614], [127.10066286332048, 37.39538861800218], [127.10063542734805, 37.395479192959044], [127.10060618405065, 37.39556949911831], [127.100574229495, 37.39565917683012], [127.10053990258588, 37.39574831590993], [127.10050365504308, 37.39583691597758], [127.1004651480646, 37.39592497731481], [127.10042551120141, 37.39601267917757], [127.10038361465406, 37.39609966210354], [127.10033979744979, 37.39618610600995], [127.10029405946456, 37.39627192079337], [127.10026251199992, 37.39632808033643], [127.1002299476215, 37.39638388031374], [127.100197270144, 37.396439590274525], [127.1001628977988, 37.39649467092965], [127.10012796050266, 37.396549571842556], [127.10009257118752, 37.396604292918596], [127.10005537382985, 37.39665820457739], [127.10001761139935, 37.3967118463904], [127.09997939694631, 37.39676530836444], [127.0999410695057, 37.3968187704197], [127.09989710122821, 37.39687674222664], [127.09985301994952, 37.39693471411068], [127.09980939057272, 37.39699286580495], [127.09976666530372, 37.39705155733996], [127.09972393985063, 37.397110158757705], [127.09968211838951, 37.39716920991614], [127.09964153984107, 37.39722880063637], [127.09960186517053, 37.39728875099806], [127.09956286839372, 37.397348971088064], [127.09952477549766, 37.39740955082112], [127.09948443534708, 37.39747896234225], [127.09944590277652, 37.397548912960346], [127.0994107596941, 37.39762003207757], [127.09937561654539, 37.39769115118358], [127.09934567020285, 37.397763707601605], [127.09931662775, 37.39783662366933], [127.09929120009653, 37.397910257551445], [127.09926701514756, 37.39798425080557], [127.09924475051754, 37.398058602872425], [127.09922655245065, 37.39813367238524], [127.09920982297591, 37.398209101086685], [127.09919727243356, 37.39828479663702], [127.09918698092997, 37.39836076062339], [127.09917827074032, 37.398436903504695], [127.0991734008209, 37.398513403618516], [127.09917045068671, 37.398589812044314], [127.09916851732245, 37.39866648993357], [127.09917324684112, 37.39874289201515], [127.09918136422593, 37.39881911109465], [127.09919015912917, 37.39889523951154], [127.09925410329211, 37.39926009732346], [127.0992603774302, 37.399308296381726], [127.09926665145933, 37.39935640533799], [127.09927111885216, 37.39940478609121], [127.09927513438458, 37.39945307711607], [127.09927587497272, 37.39950155105072], [127.09927638968702, 37.3995500251717], [127.09927622665995, 37.39959840975123], [127.09927448250657, 37.39964679563754], [127.09927273835105, 37.399695181523406], [127.09927110713109, 37.39974356731549], [127.099266087658, 37.399791865806726], [127.09926095512368, 37.39984007428947], [127.0992559356378, 37.39988837277951], [127.09922264982265, 37.40008617281828], [127.09912715096654, 37.40039235309696], [127.09913093357095, 37.4004787752121], [127.09908860768915, 37.40050771466582], [127.09907708858017, 37.400534367146214], [127.09905478821486, 37.40058186896637], [127.09903610902451, 37.400617456394315], [127.09903508380106, 37.40061940342945], [127.09902596951657, 37.40063676446977], [127.09902360365633, 37.400641289509515], [127.09901834238194, 37.40065131312032], [127.09901496255519, 37.400657758155155], [127.09905645939516, 37.40065133574488], [127.0990456337061, 37.400664048967634], [127.09900510455556, 37.40067642627686], [127.09900493556704, 37.40067675078112], [127.09900500330718, 37.400676732704994], [127.09900320075123, 37.40068018507361], [127.09899121359871, 37.40070302664284], [127.09897922645065, 37.400725877220914], [127.09896907564296, 37.40074520332072], [127.09895893613567, 37.40076453842041], [127.09895885708985, 37.400764547495704], [127.09895643489192, 37.400769180702085], [127.09893187466137, 37.4008159635485], [127.0989059585444, 37.400862296999364], [127.09887789549646, 37.400907821299676], [127.0988476855145, 37.400952536447946], [127.09881860535877, 37.4009976110639], [127.09878862130144, 37.401042416111856], [127.09875829815637, 37.401087041228045], [127.09872537584671, 37.40113049715518], [127.09869132340228, 37.40117341339346], [127.09865693175033, 37.401216059596194], [127.09862220112312, 37.401258615965645], [127.09858645329878, 37.40130063255151], [127.09854946216375, 37.40134192933568], [127.0985117928825, 37.40138286625886], [127.09847389733152, 37.401423533051236], [127.09843588891535, 37.40146429002506], [127.09834463566614, 37.4015541057379], [127.098189764036, 37.40170650374926], [127.098121970197, 37.40177161233395], [127.09793990751697, 37.401946377360034], [127.09768903201198, 37.40218553045195], [127.09759077968377, 37.402279315724684], [127.09763786824945, 37.40227297036114], [127.09753295885258, 37.402371986873945], [127.0974271001711, 37.40243532392997], [127.09722492081785, 37.402629061474975], [127.09722600619615, 37.402629952599725], [127.09720710013455, 37.402648078270865], [127.09718636661223, 37.402667944373405], [127.09716210216942, 37.40269110202733], [127.09715271675226, 37.40270005668182], [127.0971190443095, 37.40273219602915], [127.0971022024188, 37.40274825669359], [127.09706848466449, 37.40278032398185], [127.09705159751809, 37.402796339624885], [127.09703422430071, 37.40281203129331], [127.09701686238182, 37.402827731960144], [127.0969995004442, 37.40284342361429], [127.0969821497822, 37.40285910624658], [127.09696391751055, 37.40287427601033], [127.0969439362802, 37.40289075365212], [127.09691775872508, 37.40291057003945], [127.09691774744226, 37.40291057905868], [127.0969074680554, 37.40291821893514], [127.09689627436887, 37.402926283024456], [127.09688508067991, 37.402934347112726], [127.09688370107979, 37.40293300571554], [127.09687026187568, 37.40294268442739], [127.09683133219242, 37.402970737330335], [127.09679149802659, 37.40299807013849], [127.0967509854917, 37.40302486287144], [127.09670888933661, 37.4030497647373], [127.09666668032487, 37.403074756780214], [127.09662458422787, 37.40309974871715], [127.09658180953541, 37.40312402037392], [127.09653801673693, 37.40314703141465], [127.09649767655202, 37.403167336625714], [127.09650412496468, 37.403166835888385], [127.09649185585246, 37.40317300867507], [127.09644764457491, 37.40319559654199], [127.0964026187523, 37.403217130860384], [127.09635677828363, 37.403237530538206], [127.09631065493318, 37.40325753397913], [127.0962637507537, 37.403276348690056], [127.09621667679602, 37.40329489321433], [127.09621205949942, 37.403296545766594], [127.09617830472064, 37.40330865538311], [127.09616878790217, 37.40331206883196], [127.09615130084669, 37.40331830883089]]], [[[127.09613765967636, 37.40332019385541], [127.09615130084669, 37.40331830883089], [127.09613767095935, 37.403320184836254], [127.09613765967636, 37.40332019385541]]], [[[127.09425155638344, 37.40343285514866], [127.09425157897209, 37.40343285513092], [127.09425896456321, 37.40343211951757], [127.09425155638344, 37.40343285514866]]]]}}, {"type": "Feature", "properties": {"legal_dong_code": "41135110", "legal_dong_name": "백현동"}, "geometry": {"type": "MultiPolygon", "coordinates": [[[[127.07910358117914, 37.374760519150385], [127.07868774584435, 37.375244844984046], [127.07847578356866, 37.376060917667274], [127.07845818863329, 37.376122585749464], [127.07878332592078, 37.37642057455793], [127.07891729624994, 37.37688180792462], [127.07901620766602, 37.3773722840756], [127.07904227245898, 37.377696687309324], [127.07904699701655, 37.37775652077428], [127.07906362158894, 37.37784908039595], [127.07911581911824, 37.37804782859867], [127.07921171894807, 37.378078769642336], [127.07932601723365, 37.37811560016831], [127.07939777000297, 37.37813876314523], [127.07953927164706, 37.378179684186534], [127.07976154014946, 37.37839963784059], [127.07983830862528, 37.37847928200075], [127.07982687674492, 37.37886463660568], [127.08023464633499, 37.37920677944381], [127.08089601410217, 37.37999198821821], [127.0818329916828, 37.38093171092591], [127.08225271532059, 37.381325701083455], [127.08293158307615, 37.38178058252137], [127.08324291488078, 37.382043023159504], [127.08373003752452, 37.38240562404071], [127.08389634979007, 37.38247157084574], [127.08408087978074, 37.382418237133095], [127.08444716242852, 37.38253812240324], [127.084478077273, 37.38254793982176], [127.08478571261001, 37.38264563708786], [127.08550947152703, 37.38265837022171], [127.08631454717967, 37.38308967094121], [127.08639336481185, 37.383143702419915], [127.08642700191712, 37.38315401293302], [127.0864173464008, 37.38319278159352], [127.08646650482555, 37.38320933400587], [127.08656476972484, 37.38320638012769], [127.08658223411966, 37.38321349460725], [127.08709001295043, 37.38337026554594], [127.08716641189977, 37.38336192989924], [127.08719499790186, 37.383358728604954], [127.08765498173106, 37.38330736089469], [127.08777017375807, 37.383295734916764], [127.08784412247611, 37.38328751775139], [127.08806441251379, 37.383274589340616], [127.088432098615, 37.38325129871846], [127.08847304590779, 37.38327518159434], [127.08869161092446, 37.38340113595634], [127.08877817288364, 37.383569021575845], [127.08879772577131, 37.38357553050563], [127.08893424598477, 37.38362103912125], [127.08908925908635, 37.383674066383435], [127.08916077547953, 37.38370044021492], [127.08925719839242, 37.383744203163424], [127.089546304882, 37.383726463550886], [127.0894412231661, 37.38380998484719], [127.08941667196359, 37.38381648140521], [127.0894231618179, 37.38383351480059], [127.0894649442087, 37.383943470800446], [127.08948242255579, 37.383981480690146], [127.08962423785967, 37.384228163486945], [127.08965211496508, 37.384246172050624], [127.08963327339222, 37.384259133694854], [127.0898366950312, 37.3843797181323], [127.09018170507247, 37.38485821494131], [127.09046345472048, 37.384784129050814], [127.09091487366561, 37.38492207663367], [127.09107555550798, 37.38480110175928], [127.09121042496292, 37.384699554133206], [127.09146503357366, 37.38471504744805], [127.09158098342486, 37.38472207722953], [127.09174582179176, 37.38465051000474], [127.09193606755822, 37.38442999415387], [127.09206704803624, 37.38446689867514], [127.09239613760809, 37.3845596130965], [127.09265388290085, 37.384480053240715], [127.09290818502804, 37.38440154967229], [127.09293386486571, 37.3844133241271], [127.0930315906583, 37.38445811915294], [127.09335284378513, 37.38460533043592], [127.09344463868865, 37.384647390634946], [127.09354351664908, 37.38464584507715], [127.09369179134093, 37.384678202226674], [127.09448174471845, 37.3848505609742], [127.09474486409795, 37.384725824400554], [127.09509822794993, 37.38464030016896], [127.09529257427029, 37.38465576984293], [127.09556448620971, 37.384773938433646], [127.09607258309569, 37.384899972876184], [127.09672489297529, 37.384486423714016], [127.09747454506613, 37.38432562615358], [127.09823147736516, 37.384244287517284], [127.09843938871293, 37.38406137319172], [127.09863546899088, 37.38360963197757], [127.09893618951045, 37.383616502670925], [127.09943847363144, 37.38389360086798], [127.09962401451384, 37.38385063080167], [127.09994485313744, 37.38379379840762], [127.10028855175614, 37.38370765401312], [127.10027392498976, 37.38367844626967], [127.10033265451115, 37.3832591543124], [127.10033797950904, 37.38318688835], [127.10032517179893, 37.38289172607887], [127.10047293156998, 37.382859165943955], [127.10046853375455, 37.38277762763657], [127.10052891374653, 37.38275622301168], [127.10058133519946, 37.382435777657136], [127.10059428224295, 37.38223538074046], [127.10042560162859, 37.382242459760775], [127.10041187630839, 37.38210849008064], [127.10071965392223, 37.38209417645422], [127.10090074335406, 37.3820787071336], [127.10094107312209, 37.382094170720244], [127.10103228433792, 37.3820781460121], [127.10117217085401, 37.38207009927497], [127.10124207255933, 37.38207733858617], [127.10132221457155, 37.382058439734905], [127.10155248131016, 37.38208896985017], [127.10166700410178, 37.382112029049665], [127.10171059564553, 37.3821178487346], [127.1018106333621, 37.38211650251773], [127.10191629814031, 37.38210127578473], [127.10267329947095, 37.38179734854699], [127.10277339744032, 37.38175716764996], [127.10279257014459, 37.381992586860534], [127.1027852624251, 37.38201601954829], [127.10280802589632, 37.382318651501876], [127.10281291236232, 37.382341893542126], [127.10283040548097, 37.38241972638181], [127.10283784300495, 37.382576677078305], [127.10283357768513, 37.3825955119763], [127.10283347586919, 37.38268768604564], [127.10287846753123, 37.3827267516062], [127.10289574917482, 37.38281512650434], [127.1028778506824, 37.38293957221169], [127.10288294447984, 37.38294902851801], [127.10287570169014, 37.38310464025511], [127.10287307433966, 37.38310725545434], [127.10287303041152, 37.383108174528694], [127.10284821144701, 37.38313282057408], [127.1028345733897, 37.38316774664284], [127.10283627956872, 37.38317702564964], [127.1028413893797, 37.38319837535958], [127.10284751516747, 37.383219543995416], [127.1028474825181, 37.383220454049884], [127.10284871742763, 37.38322354347791], [127.10284858118199, 37.383273333758126], [127.10284223577311, 37.38336587357287], [127.10284207222259, 37.383370198591386], [127.1028374647969, 37.3834704856556], [127.10283161531119, 37.383570773782], [127.10282565301786, 37.38367115210467], [127.10281912601893, 37.383771440807415], [127.1028118084843, 37.38387164008357], [127.10280313584067, 37.38397175041658], [127.10279367289597, 37.38407195152564], [127.10279336808325, 37.38409718024089], [127.10279520864178, 37.38412240711876], [127.10279919445253, 37.38414754205771], [127.10280543806833, 37.3841723146562], [127.10279698106277, 37.38424808835153], [127.10279511627743, 37.38424682852583], [127.10277126235634, 37.38446043483709], [127.10277294871219, 37.38446335268563], [127.10275980570336, 37.38458114476964], [127.10275125456907, 37.38460376759507], [127.1027498155026, 37.38462521301106], [127.10271121809801, 37.38489185671377], [127.10268322492318, 37.38506730849537], [127.10265331144237, 37.385242311399395], [127.10258569258667, 37.38559214362547], [127.10243007686009, 37.38642229238959], [127.1024300657857, 37.3864224545819], [127.10242656774751, 37.38644110859516], [127.10241863253208, 37.38654439881331], [127.10240223878318, 37.386613277440354], [127.1023865523813, 37.38667916408847], [127.10238177900935, 37.38669831474606], [127.10237614891236, 37.386710122855156], [127.10237521801571, 37.38671484497197], [127.10235999814523, 37.38679185876284], [127.1023572461032, 37.38680265527893], [127.1023385711732, 37.38691361327689], [127.10233857116116, 37.38691360426675], [127.10233422398127, 37.38693061014076], [127.10230971874493, 37.38706416156739], [127.10228520219061, 37.38719775804635], [127.10226196924279, 37.387320234889685], [127.10223873621979, 37.387442711726], [127.10219292026808, 37.38768421393394], [127.10218092463646, 37.38779135490804], [127.10216573748775, 37.38785936748588], [127.10215157181416, 37.38792283807291], [127.10215328888438, 37.38792335019065], [127.10210711433476, 37.38816733044396], [127.10210635188113, 37.388171376652544], [127.10210068932886, 37.38820126815627], [127.10209628265854, 37.38822455414716], [127.10209628267054, 37.388224563157294], [127.10208804116051, 37.3882680982295], [127.10208722262976, 37.388272432810574], [127.10208632563223, 37.388277199945826], [127.10209123797564, 37.38827742102205], [127.10217313129564, 37.38827986518013], [127.10217370824368, 37.388272206056605], [127.10217588772997, 37.38827229430305], [127.10213584028917, 37.38847921056823], [127.10213436103848, 37.38847922083698], [127.10212103619524, 37.38854670021751], [127.10203079301289, 37.38853227060405], [127.1020298947818, 37.38853611870388], [127.1020284152052, 37.38853588569739], [127.10201441203351, 37.38860284305282], [127.10197510426866, 37.38877216825682], [127.10195049973159, 37.38890838665801], [127.10192486065472, 37.38903099158568], [127.10189875574038, 37.38918539373583], [127.10189243874312, 37.38922425088366], [127.10189417799324, 37.38922443862064], [127.10181661771227, 37.389661154514656], [127.10177213058738, 37.38991888262901], [127.101726343509, 37.390048577542416], [127.10162184597986, 37.390601880413215], [127.10162011808684, 37.39060176474392], [127.10157704705485, 37.3908298391356], [127.10153525409125, 37.39105112777778], [127.10152981801444, 37.39103932006658], [127.10152863026542, 37.39104628591833], [127.1015233867125, 37.39103489251099], [127.10152190033796, 37.39104657993466], [127.10148005728529, 37.39128988940135], [127.10151967728908, 37.39129429790788], [127.10150303446662, 37.39133857885363], [127.10148436554094, 37.39133678359652], [127.1014838397701, 37.391340532263875], [127.10148223603007, 37.39134038044698], [127.10147023162615, 37.391425095024715], [127.10145759505495, 37.39149297917233], [127.10141169109643, 37.39173145357768], [127.10140508481909, 37.39176540940536], [127.10139867866613, 37.391788489811816], [127.10138604399378, 37.391832361895226], [127.10137630899129, 37.391865824804704], [127.10136595266039, 37.39189911704497], [127.10135535917578, 37.391932409484355], [127.10134389585251, 37.39196547740317], [127.10133071555266, 37.39199817735378], [127.10131504509178, 37.39203504209362], [127.10129021074283, 37.39213588662834], [127.10120027012753, 37.39240425770811], [127.10121706701554, 37.39239072832349], [127.10123743707275, 37.392372213310615], [127.10125725367203, 37.39235361766967], [127.10127418788693, 37.39233295212246], [127.10129081748934, 37.39231251208349], [127.10130746962025, 37.392292035982535], [127.10132290145494, 37.392271047330595], [127.10133822016334, 37.39224991460961], [127.10135262376467, 37.39222848532423], [127.10135763343288, 37.392225264471286], [127.1013639333421, 37.392224213974785], [127.1013701234917, 37.39222555126035], [127.10137488227235, 37.392228998129355], [127.10137716975694, 37.39223379860754], [127.10130311684073, 37.392535250622096], [127.1013043372157, 37.39253582624187], [127.10125846273678, 37.39274625192729], [127.10117302539679, 37.39320953570249], [127.1010880885562, 37.39353973907673], [127.10103179383346, 37.393753417065625], [127.10098937515426, 37.39398219336541], [127.10099224077861, 37.39398009159056], [127.10100844737049, 37.39396394979284], [127.10103095135274, 37.393978914731754], [127.10110959467687, 37.39408944807941], [127.10128226288164, 37.394335955299425], [127.10146690399371, 37.39460036430766], [127.10155843608243, 37.39472949240112], [127.1015510649677, 37.39487639104472], [127.10174985500579, 37.395019366895795], [127.10180052727345, 37.39507888099529], [127.10179893054165, 37.39515186452679], [127.10172960895002, 37.39525022397852], [127.10171111885212, 37.395273215516724], [127.10174571245359, 37.395300757244506], [127.10178188219508, 37.395324603466136], [127.10182042003126, 37.395345834725894], [127.10187533614979, 37.395369484813195], [127.10189476187925, 37.395345240045344], [127.10195928424186, 37.39536571937809], [127.10200221143008, 37.39537568416887], [127.10204660083862, 37.395381232729925], [127.10209128062432, 37.39538434828821], [127.10213622638997, 37.39538367934246], [127.10218094195469, 37.39537976692338], [127.10222520265579, 37.395373512237114], [127.10226855555872, 37.39536401465557], [127.10230665671871, 37.395354197169276], [127.1023529954673, 37.39533961528999], [127.1024327936715, 37.395306660187636], [127.10259192096619, 37.395227955815855], [127.10318504861552, 37.39490362273028], [127.10335657625004, 37.394809859719864], [127.1035114807443, 37.39478323638453], [127.10389295620399, 37.39469767075959], [127.10396014595943, 37.394694909527516], [127.10410026917491, 37.39467784897959], [127.10422206827911, 37.39463099861939], [127.10427354870978, 37.39461120365607], [127.10432001895673, 37.39458602495875], [127.10433696678692, 37.394575576474764], [127.10476080440739, 37.39506937763377], [127.10555231637194, 37.394638016991564], [127.10612491409333, 37.39426169865439], [127.10608330719735, 37.39430786740237], [127.10606910835891, 37.39432968451105], [127.10603549687781, 37.39435962790917], [127.10608808412888, 37.39441355219319], [127.10621475751398, 37.39455156564561], [127.106286358525, 37.39463511638326], [127.10637323802514, 37.39474217000959], [127.106442362462, 37.39483112893317], [127.1066661509908, 37.39515844893027], [127.10680777101219, 37.39540393946247], [127.10685594389406, 37.395498187721444], [127.10691196089725, 37.395613242401346], [127.10698933570568, 37.39570570759356], [127.1070878253681, 37.395956642314225], [127.10722939404168, 37.396050942145756], [127.10779732986632, 37.39605043306406], [127.10793469409364, 37.39607770036109], [127.1089331276288, 37.39607679762086], [127.10906781711174, 37.396049644765085], [127.10936500935875, 37.39604937409028], [127.1099538760005, 37.396075505584264], [127.11042642943747, 37.39607507130392], [127.1104487867501, 37.39607279817478], [127.11046978261516, 37.39606620142704], [127.11048806249572, 37.39605573281688], [127.1105023847889, 37.39604184399698], [127.11051207346799, 37.39602561680909], [127.11052074236164, 37.39600704792312], [127.11053110901612, 37.39599109041293], [127.1105314359841, 37.395990720695615], [127.11054407479956, 37.39597630182403], [127.1105588048887, 37.39596328660506], [127.11055914320178, 37.39596295291779], [127.11055950425792, 37.39596272733123], [127.11057622400746, 37.39595113387798], [127.11059460654164, 37.39594139497811], [127.11059503534369, 37.395941160318834], [127.1106151594282, 37.395933077675664], [127.11063623531085, 37.39592718361563], [127.11063651753628, 37.395927111274084], [127.11063656269597, 37.395927102222245], [127.1106585111953, 37.39592330671643], [127.11068549958053, 37.39592165997813], [127.11179324908119, 37.395920632120465], [127.11181572425514, 37.39592178247747], [127.11183786380317, 37.3959250955777], [127.11185944186334, 37.39593057163217], [127.11187984860472, 37.39593821121024], [127.1118989934188, 37.39594783419431], [127.11191640159579, 37.3959591707238], [127.11193196033624, 37.39597231100629], [127.11194535276964, 37.39598680483118], [127.11195633018053, 37.39600247222872], [127.11196482467645, 37.39601922316144], [127.11197546938192, 37.39603903553366], [127.11198949359444, 37.39605307825612], [127.11200735287677, 37.3960639638434], [127.11202814258036, 37.39607088222643], [127.11205039418759, 37.39607356447202], [127.11264430449268, 37.39607300782969], [127.11272405342501, 37.396009231145996], [127.11272245406936, 37.394926663848324], [127.11663590044947, 37.39492291884241], [127.11666607070481, 37.39520031181097], [127.1183534833675, 37.395198656632594], [127.11835305332868, 37.39492159512412], [127.120328725815, 37.39491962660545], [127.12037946212818, 37.39440969153449], [127.12038564116614, 37.394246331392246], [127.1203936286099, 37.39408396054321], [127.12039788893908, 37.39392132313177], [127.12039864888885, 37.39375895953907], [127.1203980536952, 37.39359659730423], [127.12039260245085, 37.39343414984513], [127.12038331196554, 37.39327188644339], [127.12036668178993, 37.39310999081912], [127.12033966463643, 37.392949547248975], [127.12030711487624, 37.39278955973335], [127.12027456511314, 37.39262948210283], [127.12024190256265, 37.39246940457213], [127.12020777253363, 37.39230959880528], [127.12017059477753, 37.39215051689406], [127.12012923991037, 37.39199206986693], [127.12008165940026, 37.39182416840658], [127.11999776087407, 37.391547794086314], [127.11990071791037, 37.39122796788933], [127.1198261434649, 37.391056309060524], [127.11970524566841, 37.390797027720375], [127.11955021654956, 37.3905912105116], [127.11941757283516, 37.39040176925124], [127.11931319601264, 37.390234915162516], [127.11922319624955, 37.39009066214832], [127.1191293599849, 37.3899480347048], [127.11903180015712, 37.38980703271077], [127.1189304038582, 37.38966765626919], [127.11882539722826, 37.389530085349], [127.11871678027951, 37.38939431994075], [127.11860444010165, 37.38926036014637], [127.1184886028299, 37.38912838593475], [127.11836938153473, 37.38899848728554], [127.1163536535044, 37.3869500208472], [127.11634494531604, 37.3869411993493], [127.11626939958691, 37.38684280067355], [127.11623711986992, 37.386800745547944], [127.11615950402958, 37.38669972685184], [127.1160488508466, 37.38655567155081], [127.11541832723236, 37.38589097044634], [127.11489012831045, 37.385308971213156], [127.11445643197924, 37.38486707744025], [127.11402527989264, 37.38438643592807], [127.11366029798393, 37.38397961339915], [127.11305690403165, 37.38330667440834], [127.11296365560796, 37.383318745834245], [127.11284917187056, 37.38333331497388], [127.11274645143641, 37.38334638626285], [127.11259428423637, 37.38336574795747], [127.11250136274076, 37.38337756642729], [127.11250136247517, 37.38337738622428], [127.11242504766169, 37.38338727889405], [127.11240233375534, 37.38339016542464], [127.11231498908897, 37.38340128473647], [127.11230637541809, 37.3834023830357], [127.1122538241019, 37.383409072743675], [127.11224534588536, 37.38341014388112], [127.11223944162545, 37.38341089725252], [127.11223732161218, 37.38350492929288], [127.11222059330666, 37.3834856091444], [127.11217491243175, 37.383419111846166], [127.11216960649122, 37.38341978356275], [127.11200713193203, 37.383440460618964], [127.11199636200601, 37.383441831214995], [127.11198442929798, 37.38344335606892], [127.11169661020017, 37.383479980568694], [127.11168389851008, 37.38348159621964], [127.11167941668279, 37.38348216803479], [127.11164992917291, 37.38348591669569], [127.11163325496173, 37.38348804060029], [127.1116159711363, 37.38349024616157], [127.11149241031387, 37.38350596672844], [127.11148075980292, 37.38350744621832], [127.11143203539127, 37.38351364545397], [127.11133512843601, 37.3835259802907], [127.11128099644802, 37.38353286925772], [127.11124365103309, 37.3835372468114], [127.11124277045317, 37.38353734674019], [127.11048585879334, 37.38362607587025], [127.11017767918915, 37.38366219284238], [127.11013467588447, 37.38367385545537], [127.1101218281506, 37.383675137687355], [127.1098748391813, 37.38369766439772], [127.10974633763956, 37.383709432205826], [127.10964838652146, 37.383718405825455], [127.10958135841233, 37.3837245489514], [127.10915337243335, 37.38374212163181], [127.10904945262818, 37.38374638787272], [127.10891382902774, 37.38357817424764], [127.10888262100787, 37.38353948591531], [127.1087531967634, 37.38337897016064], [127.10872041660771, 37.38333830998392], [127.10866899551044, 37.38327453760028], [127.1085610635105, 37.38314067223607], [127.10846177365609, 37.38301753006011], [127.1082147720314, 37.38271118234237], [127.1080123642003, 37.38245479134623], [127.10796380483112, 37.38239374614846], [127.10768909732424, 37.382046281818454], [127.10757701624182, 37.381906202236756], [127.1071133359709, 37.38132669585959], [127.10689919984375, 37.381059059666455], [127.10679142481844, 37.38109758401137], [127.10622580163806, 37.381299778720994], [127.10595485059117, 37.38174723788677], [127.10553771580379, 37.382436117278225], [127.10525627495211, 37.38256147062025], [127.10474273691605, 37.382790192480606], [127.1044045401009, 37.38283864651485], [127.10379129618757, 37.38292649593325], [127.1035081662611, 37.38296705191676], [127.10350281353183, 37.382191164239124], [127.10350151938975, 37.38200260061745], [127.10349489946303, 37.38166660823968], [127.10349680616186, 37.381648829538236], [127.10349593587463, 37.38154812366348], [127.10349544041188, 37.381490747352956], [127.1034952957798, 37.38146732104565], [127.10349448008563, 37.3813652365652], [127.10347112638401, 37.38117889942672], [127.10347282987114, 37.38088591436258], [127.10347223970894, 37.38086699352043], [127.10344300182479, 37.37995347780781], [127.10344650338332, 37.37991280288921], [127.10346123247977, 37.379741975415634], [127.1034731735364, 37.37962181451945], [127.1034817176564, 37.37952786713051], [127.10348795893945, 37.37945930337186], [127.10349028408055, 37.379433730506655], [127.10347783976535, 37.379415630795435], [127.10349975400379, 37.37927308003035], [127.10350996118636, 37.379206657268085], [127.10361346215761, 37.37818148087476], [127.10357655278915, 37.37802275351203], [127.10358715921484, 37.37795951097519], [127.10359474166016, 37.37791432743069], [127.10360544893719, 37.37785054419365], [127.10362905519848, 37.37776565700667], [127.10363263937975, 37.37775276035616], [127.10363574463541, 37.37759480935988], [127.10364003206925, 37.37737612877645], [127.10363093933857, 37.377015117026374], [127.10362844590244, 37.376916457783885], [127.10362833827975, 37.37691202487163], [127.10359336130894, 37.37691244250191], [127.10351543651501, 37.37691338371785], [127.10349535572884, 37.376566653519404], [127.10346984214334, 37.37655182674926], [127.10349452328565, 37.376552219938894], [127.10349254648753, 37.37651812714583], [127.10348239499757, 37.3764502892892], [127.10347568428706, 37.3764054244084], [127.10344799775633, 37.37621983868653], [127.10345279755502, 37.37601233023333], [127.10346761608893, 37.37536592750208], [127.10347507744726, 37.375039572502594], [127.10345715500816, 37.374977417736325], [127.10345752642074, 37.37496821802636], [127.10328343843054, 37.375038683360835], [127.10318425962069, 37.375125698834644], [127.1031079755121, 37.37516144468054], [127.10305740406686, 37.37518427484316], [127.10300682128872, 37.37520709598365], [127.10276426058874, 37.37527965558811], [127.1025945525962, 37.37532547332572], [127.10248406203341, 37.375355121077334], [127.10246132471163, 37.37532216324266], [127.10238294396498, 37.375301777015004], [127.10237209436433, 37.375293496905655], [127.10231095232335, 37.37524678621551], [127.10228981826357, 37.37523067600972], [127.10222695748651, 37.37524947071861], [127.10217888081098, 37.37526383782604], [127.10217539388306, 37.37527357178357], [127.1021180527431, 37.375409845417295], [127.10217422841345, 37.375685635130225], [127.10214184170619, 37.376289299342574], [127.10205548563242, 37.376604656790846], [127.10195451372266, 37.37669582642664], [127.10188089795538, 37.376761491993165], [127.10185947154346, 37.3767804315379], [127.1018432327926, 37.37679495169328], [127.10171752504468, 37.377014816388424], [127.10172071261495, 37.37720429762603], [127.10168063016664, 37.377203160256315], [127.10169133919067, 37.3770206951831], [127.10176800837297, 37.37677185933451], [127.10174338982547, 37.376767645418035], [127.10169913334191, 37.376760393683696], [127.10160783197792, 37.37676310195659], [127.10159186790038, 37.37676344884208], [127.10154058337945, 37.376743579741806], [127.101254156217, 37.3768524302626], [127.10109932642239, 37.37697659477476], [127.10077154358713, 37.37695884996298], [127.10064226512692, 37.376870208177095], [127.10059661101893, 37.376838981130085], [127.10043838546842, 37.37680262237265], [127.10001542539875, 37.37651679423876], [127.09988237217357, 37.37644126456172], [127.09967358287886, 37.37641684025074], [127.09951113575706, 37.37643229225488], [127.09944050098449, 37.37642151151904], [127.09916295126023, 37.37630783436914], [127.09875037380792, 37.3762576001686], [127.09872043665546, 37.37626118379572], [127.09829856179063, 37.376311662380125], [127.09795326916394, 37.37644216848032], [127.09751275684329, 37.37630116622018], [127.09697170688158, 37.37619609498542], [127.09677619452766, 37.37617900714412], [127.09646561170878, 37.37617060712135], [127.09619995013146, 37.37631273034895], [127.09615604712577, 37.37633457011027], [127.09570918843235, 37.376306752021165], [127.09558954225821, 37.376277086641096], [127.09544435123871, 37.37624231464008], [127.09525829943186, 37.37619727622392], [127.09490182594833, 37.37611024062131], [127.09479487077245, 37.376080690557195], [127.09455421625158, 37.37602331410253], [127.09437724201463, 37.375950119369534], [127.09418466250857, 37.37564542013712], [127.09409739029527, 37.375508290536104], [127.09367920937287, 37.37549495771238], [127.09339653791004, 37.3757726369983], [127.09321937054801, 37.37630913220881], [127.0928560804637, 37.37640904784357], [127.0926572205585, 37.37666692828461], [127.09259914742238, 37.37677318495564], [127.09210570806972, 37.37695569559081], [127.0915102533174, 37.376888925271274], [127.09060105365865, 37.37686162799781], [127.0901037558216, 37.37719515270966], [127.0897318658969, 37.37733412428083], [127.08959644674742, 37.37745810608327], [127.08924103520654, 37.37737114274882], [127.08873788357982, 37.377132925483615], [127.08837529923656, 37.376864581016015], [127.08774595591143, 37.37670994940399], [127.08712643520498, 37.376731897741514], [127.08675547404864, 37.376487224078836], [127.08568969211635, 37.37637576566582], [127.08515239956628, 37.37630518269531], [127.08493552405804, 37.37620261085138], [127.08476263122215, 37.37598341598437], [127.08466769135467, 37.37572737752716], [127.08441926855764, 37.375630629454186], [127.08381198549063, 37.37545850869074], [127.0834725696995, 37.37512627785548], [127.0833921044553, 37.374834755234005], [127.08302760939425, 37.37464042319837], [127.08279223848085, 37.374528525592325], [127.08248439073715, 37.37431549285048], [127.0820858672115, 37.37398941632696], [127.08188449887326, 37.373840092478574], [127.08167917600984, 37.37374018278779], [127.08145098694837, 37.37365707415943], [127.0812417359686, 37.3736422044362], [127.08082157526995, 37.373527264731536], [127.08079481979875, 37.373517948122334], [127.08076685059453, 37.37352465242008], [127.07977789755576, 37.37378966060458], [127.07940892645345, 37.37439523503462], [127.07910358117914, 37.374760519150385]]], [[[127.10232861015817, 37.38693772394101], [127.1023288636697, 37.386941526011526], [127.10233085139765, 37.386933361114], [127.10232861015817, 37.38693772394101]]]]}}, {"type": "Feature", "properties": {"legal_dong_code": "41135111", "legal_dong_name": "금곡동"}, "geometry": {"type": "Polygon", "coordinates": [[[127.07812570887211, 37.3651267544973], [127.07793128520497, 37.365393753158486], [127.0776112530989, 37.36625523470391], [127.07753823995694, 37.366336130098205], [127.07727592753773, 37.366576798415686], [127.07751919335414, 37.366759008608575], [127.07764485357404, 37.367109469243324], [127.07803965721546, 37.36749572457783], [127.07849938471631, 37.36767988284611], [127.07882432562602, 37.36786589349155], [127.07917319915595, 37.36807212441002], [127.07983547457091, 37.36827147964719], [127.08007464272642, 37.36815043134665], [127.08033026354157, 37.36812079797829], [127.08045598090965, 37.368112469819316], [127.0809525264777, 37.36782049560689], [127.08182034884187, 37.36775982966098], [127.08290646164394, 37.36747673499331], [127.08322578879739, 37.367556948785946], [127.08347431970367, 37.367467630027846], [127.08376179626256, 37.36752257283865], [127.08514099023445, 37.36744098261565], [127.08579012902213, 37.36749324050687], [127.08609194539021, 37.36724739831925], [127.08721146266704, 37.36710466402136], [127.087419823431, 37.367234863286754], [127.0879016842674, 37.367130850120034], [127.08872972885636, 37.36702707580153], [127.08896471391792, 37.367101209335395], [127.08919412821129, 37.3671800588597], [127.08968161181775, 37.366905552482216], [127.09008367741315, 37.366791561533816], [127.09037100084964, 37.36682007052621], [127.09050426563562, 37.366695737846285], [127.09084446825791, 37.36664064539474], [127.09155818981992, 37.36700661170601], [127.09216804839619, 37.367128233940534], [127.09244896956221, 37.367294130148046], [127.09260782460632, 37.36726393190642], [127.09305217116277, 37.367313316100315], [127.0935153272658, 37.36707739438983], [127.09436931121245, 37.36731734417107], [127.09464793590085, 37.36720084863367], [127.09501492198734, 37.366905727708705], [127.0952823844358, 37.3669746421549], [127.09607333820556, 37.36733363615446], [127.09660156039672, 37.36737105549266], [127.09689554724048, 37.36747846351271], [127.09707903472291, 37.367698569454575], [127.0972131673549, 37.36767840433096], [127.09749698114115, 37.367676525503], [127.09779851929667, 37.367021428959944], [127.09783393598786, 37.36662673582418], [127.09794530330026, 37.36652330722247], [127.09807022372745, 37.366486912272514], [127.09819518859406, 37.36638846397802], [127.09834109897704, 37.36608319652528], [127.0987853263276, 37.36562296094072], [127.09886135473295, 37.365325246733626], [127.09896965195341, 37.364945386993234], [127.09917732571238, 37.3646563849933], [127.09935395075927, 37.36462529803149], [127.1001329185787, 37.36406728964252], [127.10021907573886, 37.36400125415607], [127.10021329462164, 37.36398291422654], [127.10022591939531, 37.36395173743324], [127.10021238090249, 37.36390583278515], [127.10019509192009, 37.36382334086832], [127.10011133179901, 37.363711026570286], [127.10014427683318, 37.363706629160966], [127.10017853471165, 37.3637048255832], [127.10025632101781, 37.36372919632113], [127.10029834363253, 37.36374333426946], [127.10034753565404, 37.36374122083371], [127.10034780589318, 37.363732093281776], [127.10035477624656, 37.36372761840156], [127.10035661705994, 37.36371102008668], [127.10038336973834, 37.36346949750333], [127.10037836783738, 37.36334814337933], [127.10039776963396, 37.36327715386167], [127.10041016097756, 37.36298222181449], [127.10039943248618, 37.36294427984309], [127.10038516561724, 37.362893798636705], [127.10037987472697, 37.36286189795871], [127.10037467420888, 37.362795623310625], [127.10211629127107, 37.362946940801685], [127.10275304934224, 37.362962372614724], [127.10304988174187, 37.362967812638246], [127.10308676142846, 37.36296848377128], [127.10309181001809, 37.36301238611419], [127.10309202719718, 37.36302276567179], [127.10308926887623, 37.36303656264821], [127.10309175598084, 37.36308116998531], [127.10308675888622, 37.36356962590649], [127.10311197739641, 37.36356985653445], [127.10311233066449, 37.36359744544403], [127.10346404527918, 37.36354960505085], [127.10351463563774, 37.363538262654544], [127.10351843876856, 37.36318721320774], [127.1035168260954, 37.36310496053457], [127.10352363875165, 37.363042541043], [127.10351661502234, 37.36297403358079], [127.10375390853119, 37.362976054239], [127.10400159042382, 37.362980399061364], [127.1040030692378, 37.36297213543171], [127.10401077929468, 37.36290585877007], [127.10401221862901, 37.36289346850526], [127.1038699494862, 37.36245060545908], [127.10379073294936, 37.362204019875556], [127.10377659686208, 37.362159981250066], [127.1035982257314, 37.36160473781236], [127.10358878623447, 37.361552757123214], [127.10359327142163, 37.358946913674274], [127.10358470699518, 37.35870733982182], [127.10356765468713, 37.3583846451624], [127.10354601487518, 37.35797493390703], [127.10355086928503, 37.35766698802996], [127.10355374851595, 37.357484231601994], [127.10355454955119, 37.357433926947515], [127.10355728290283, 37.35726015381079], [127.10356701290645, 37.35664338795638], [127.10407426624386, 37.356644120592186], [127.10452350256269, 37.35664472138293], [127.10826570924534, 37.3566498731571], [127.10875795050138, 37.35665059925572], [127.10973114545841, 37.35665187543054], [127.10983013387127, 37.35665088381431], [127.10992889329545, 37.35664763977419], [127.11002764946826, 37.35664214310362], [127.11012606363182, 37.35663430401165], [127.11022413577707, 37.356624122499106], [127.11032186602507, 37.356611688668806], [127.11041914149419, 37.35659700262545], [127.11051573643006, 37.35658006457823], [127.11061165082444, 37.35656087452872], [127.1107068846693, 37.356539432478655], [127.11080132521444, 37.356515828635814], [127.11089474657598, 37.35648997310892], [127.11098726175035, 37.3564619558978], [127.11107875785778, 37.356431777109094], [127.11116900927729, 37.3563995270564], [127.11125812887573, 37.35636520563777], [127.11134589077088, 37.35632872296338], [127.1114322952198, 37.35629025924014], [127.1115172293454, 37.35624981457588], [127.11160069314329, 37.35620738897374], [127.11163249802766, 37.356190149881584], [127.1116681092827, 37.35630598795392], [127.11169725581962, 37.356400567953166], [127.11201270428958, 37.356764285949836], [127.11756152382189, 37.353733886400335], [127.1172419859116, 37.35336225803872], [127.11513578336996, 37.35091280168134], [127.1150808333767, 37.350847890814144], [127.11502509424197, 37.35078352129058], [127.11496597239497, 37.35072122733295], [127.11490346770363, 37.350660918834166], [127.11483780630536, 37.35060286587877], [127.11476898833693, 37.35054715856353], [127.1146972396619, 37.35049388676904], [127.1146226732784, 37.35044314048414], [127.11454540231853, 37.350395099799755], [127.11446565237134, 37.350349674393094], [127.11438342370279, 37.35030704446325], [127.11429894230454, 37.350267389993945], [127.11421243376239, 37.350230620663346], [127.11412401120187, 37.35019691656368], [127.11403390047595, 37.35016636757804], [127.11394210144101, 37.35013888360062], [127.1138489529461, 37.350114644510015], [127.11375456784369, 37.35009365019608], [127.11365917184911, 37.35007590044188], [127.11356276508464, 37.35006148534706], [127.11346579899084, 37.350050404482], [127.11336827368883, 37.35004274794733], [127.11327041489182, 37.350038515528475], [127.113186557145, 37.35003832440935], [127.10915844475163, 37.35002457835806], [127.10865529761958, 37.35002287265147], [127.10636059868801, 37.35005033739353], [127.10363703204611, 37.35008885077253], [127.10363591557402, 37.34993117298334], [127.10363843239381, 37.3496228412599], [127.10363841633351, 37.34961098383076], [127.10363838562861, 37.3495883141561], [127.10363819942283, 37.34945083645323], [127.10373759107716, 37.34942119710665], [127.10377855942409, 37.34933745679859], [127.10376213474613, 37.34921024675137], [127.10390479998766, 37.348634010144565], [127.10386841492443, 37.348269217950254], [127.10377561381678, 37.347997730252814], [127.10379674199059, 37.34784850278381], [127.1037636924074, 37.34769562795527], [127.1037586083395, 37.34764172421472], [127.10374564654583, 37.347504482762496], [127.10372934117632, 37.34733173492325], [127.10373284663835, 37.347311792280806], [127.1037520648491, 37.34720231052769], [127.10377077906199, 37.34709572148537], [127.10378012673486, 37.3469481079973], [127.10370770645889, 37.34695729792844], [127.10340129951209, 37.34696065271263], [127.10311332869888, 37.34711110071859], [127.10303771837083, 37.347140097440175], [127.10300593878858, 37.34714122395404], [127.10297767665784, 37.34714795179891], [127.10288802756605, 37.34716929276775], [127.10252421890324, 37.34729850413815], [127.10252417378373, 37.34729852219713], [127.10245946310482, 37.34730905631399], [127.10241761978305, 37.347312714117606], [127.10231020507796, 37.347257167582534], [127.10225318490632, 37.34714457039347], [127.10221166123806, 37.347024130105225], [127.10217784629134, 37.346988487424625], [127.1021119428801, 37.346993075622024], [127.10208621345937, 37.346994863500335], [127.10199146114935, 37.347014757483294], [127.10193853386869, 37.34702586697166], [127.1015240704864, 37.347127555997865], [127.10145024480497, 37.34713259202421], [127.10125682942534, 37.34710026439902], [127.10116400499773, 37.34708474593266], [127.10105095191678, 37.34709156272736], [127.10092750183237, 37.34709635184159], [127.100637898189, 37.34711634524326], [127.1003843909464, 37.34712235995602], [127.10026005717059, 37.3471332490307], [127.10006665152147, 37.3471425196331], [127.09948562291991, 37.3471452097246], [127.09937636785337, 37.34713940746709], [127.0988124648407, 37.347198357914], [127.09871276363431, 37.34723223720107], [127.09848844845641, 37.34730530494463], [127.09843982153312, 37.34731730135431], [127.09806252203673, 37.34744099580442], [127.09684211052011, 37.347382968545276], [127.09657562293077, 37.34739768942726], [127.0962766028634, 37.34740740806978], [127.09563026307514, 37.34765644387595], [127.0952219661207, 37.34793468817392], [127.09512592082828, 37.34816094771492], [127.09491921511274, 37.34856051602094], [127.09461270429593, 37.348777858805896], [127.09461241662028, 37.348855653245046], [127.09461162038428, 37.34907000692653], [127.09456130614633, 37.34912455831964], [127.09440481761648, 37.34929425356723], [127.09413608894515, 37.34998033990287], [127.09414235055272, 37.34998765129504], [127.09423522447408, 37.35031701001705], [127.09426553915695, 37.35038997800187], [127.09464958333793, 37.35131459274516], [127.09465749616658, 37.35133365212617], [127.0943484624028, 37.35147334610308], [127.09416901958772, 37.35170461675666], [127.0938437351007, 37.3523548047008], [127.09381591700377, 37.35260663478492], [127.09367077850186, 37.35324163441213], [127.09338628623176, 37.35360547172465], [127.09268945412329, 37.353929360225656], [127.09258293070603, 37.3540902835198], [127.0925463937532, 37.35433237990976], [127.09250417872701, 37.35451797763012], [127.09248522525702, 37.35483384505017], [127.09247604154221, 37.35498678236731], [127.09246372644228, 37.355191855146735], [127.09278372325483, 37.355785210126214], [127.09276724038727, 37.355903481799054], [127.0927171725953, 37.35607329972254], [127.09260422830376, 37.35619127627835], [127.092527275224, 37.356521325273754], [127.09244523246439, 37.357114683319914], [127.09242631055095, 37.357270268048936], [127.09241770860277, 37.35727885237367], [127.09225785642015, 37.357410334867616], [127.09174559987468, 37.35790177379183], [127.0917022040497, 37.357943406992774], [127.09160166440813, 37.357979758679555], [127.09123794495953, 37.358111232678304], [127.09084849963662, 37.35825202351641], [127.09081974875824, 37.358279382180136], [127.09054851995498, 37.358537575759506], [127.09045834294905, 37.35862341171212], [127.09015733257614, 37.35857255882124], [127.08925801706266, 37.35840022440881], [127.08911772740639, 37.3585103069163], [127.08858659390786, 37.35907136788961], [127.08809316224483, 37.35909942742315], [127.0877391239141, 37.3592870441439], [127.08757832080683, 37.35950607309234], [127.08734227096895, 37.3598229891921], [127.08731234981569, 37.35985520434416], [127.08717182334776, 37.3600398981592], [127.08699496400364, 37.360267434532254], [127.08695956382468, 37.360315962013544], [127.08672280448825, 37.3605589937141], [127.0866585263282, 37.36061470500963], [127.0866400448286, 37.360631882740584], [127.08604494711162, 37.36107611585476], [127.08569582259902, 37.361188812103066], [127.08559382382428, 37.36121885256685], [127.08543178836814, 37.36124266445099], [127.08535379214808, 37.36125637020797], [127.08513222838563, 37.361325265839625], [127.084744510769, 37.36154310853235], [127.0845893820454, 37.361627823339745], [127.0843061891324, 37.36188674971418], [127.08424122713345, 37.36194943405646], [127.084120592696, 37.36210546685648], [127.08400291667849, 37.362293735951035], [127.08390843013721, 37.36249608071984], [127.083879914677, 37.362515400419944], [127.0836385478782, 37.36267894112152], [127.08280840596714, 37.36298777138131], [127.08242167141749, 37.36318920717476], [127.08183155583842, 37.363446408913916], [127.0816049425216, 37.36365903197741], [127.08159445960074, 37.363970845871854], [127.08115831959628, 37.364226732514716], [127.08098965033643, 37.36422951297912], [127.08072894836192, 37.36425579939653], [127.08063178460274, 37.36421979661866], [127.08046055815055, 37.364173751796905], [127.07989622431585, 37.36413978924473], [127.07903362200452, 37.36467089593494], [127.07887759530281, 37.36496003607539], [127.0785387378193, 37.365117449041726], [127.07812570887211, 37.3651267544973]]]}}, {"type": "Feature", "properties": {"legal_dong_code": "41135112", "legal_dong_name": "궁내동"}, "geometry": {"type": "Polygon", "coordinates": [[[127.08079481979875, 37.373517948122334], [127.08082157526995, 37.373527264731536], [127.0812417359686, 37.3736422044362], [127.08145098694837, 37.37365707415943], [127.08167917600984, 37.37374018278779], [127.08188449887326, 37.373840092478574], [127.0820858672115, 37.37398941632696], [127.08248439073715, 37.37431549285048], [127.08279223848085, 37.374528525592325], [127.08302760939425, 37.37464042319837], [127.0833921044553, 37.374834755234005], [127.0834725696995, 37.37512627785548], [127.08381198549063, 37.37545850869074], [127.08441926855764, 37.375630629454186], [127.08466769135467, 37.37572737752716], [127.08476263122215, 37.37598341598437], [127.08493552405804, 37.37620261085138], [127.08515239956628, 37.37630518269531], [127.08568969211635, 37.37637576566582], [127.08675547404864, 37.376487224078836], [127.08712643520498, 37.376731897741514], [127.08774595591143, 37.37670994940399], [127.08837529923656, 37.376864581016015], [127.08873788357982, 37.377132925483615], [127.08924103520654, 37.37737114274882], [127.08959644674742, 37.37745810608327], [127.0897318658969, 37.37733412428083], [127.0901037558216, 37.37719515270966], [127.09060105365865, 37.37686162799781], [127.0915102533174, 37.376888925271274], [127.09210570806972, 37.37695569559081], [127.09259914742238, 37.37677318495564], [127.0926572205585, 37.37666692828461], [127.0928560804637, 37.37640904784357], [127.09321937054801, 37.37630913220881], [127.09339653791004, 37.3757726369983], [127.09367920937287, 37.37549495771238], [127.09409739029527, 37.375508290536104], [127.09418466250857, 37.37564542013712], [127.09437724201463, 37.375950119369534], [127.09455421625158, 37.37602331410253], [127.09479487077245, 37.376080690557195], [127.09490182594833, 37.37611024062131], [127.09525829943186, 37.37619727622392], [127.09544435123871, 37.37624231464008], [127.09558954225821, 37.376277086641096], [127.09570918843235, 37.376306752021165], [127.09615604712577, 37.37633457011027], [127.09619995013146, 37.37631273034895], [127.09646561170878, 37.37617060712135], [127.09677619452766, 37.37617900714412], [127.09697170688158, 37.37619609498542], [127.09751275684329, 37.37630116622018], [127.09795326916394, 37.37644216848032], [127.09829856179063, 37.376311662380125], [127.09872043665546, 37.37626118379572], [127.09875037380792, 37.3762576001686], [127.09916295126023, 37.37630783436914], [127.09944050098449, 37.37642151151904], [127.09951113575706, 37.37643229225488], [127.09967358287886, 37.37641684025074], [127.09988237217357, 37.37644126456172], [127.10001542539875, 37.37651679423876], [127.10043838546842, 37.37680262237265], [127.10059661101893, 37.376838981130085], [127.10064226512692, 37.376870208177095], [127.10077154358713, 37.37695884996298], [127.10109932642239, 37.37697659477476], [127.101254156217, 37.3768524302626], [127.10154058337945, 37.376743579741806], [127.10159186790038, 37.37676344884208], [127.10160783197792, 37.37676310195659], [127.10169913334191, 37.376760393683696], [127.10174338982547, 37.376767645418035], [127.10176800837297, 37.37677185933451], [127.10169133919067, 37.3770206951831], [127.10168063016664, 37.377203160256315], [127.10172071261495, 37.37720429762603], [127.10171752504468, 37.377014816388424], [127.1018432327926, 37.37679495169328], [127.10185947154346, 37.3767804315379], [127.10188089795538, 37.376761491993165], [127.10195451372266, 37.37669582642664], [127.10205548563242, 37.376604656790846], [127.10214184170619, 37.376289299342574], [127.10217422841345, 37.375685635130225], [127.1021180527431, 37.375409845417295], [127.10217539388306, 37.37527357178357], [127.10217888081098, 37.37526383782604], [127.10222695748651, 37.37524947071861], [127.10228981826357, 37.37523067600972], [127.10231095232335, 37.37524678621551], [127.10237209436433, 37.375293496905655], [127.10238294396498, 37.375301777015004], [127.10246132471163, 37.37532216324266], [127.10248406203341, 37.375355121077334], [127.1025945525962, 37.37532547332572], [127.10276426058874, 37.37527965558811], [127.10300682128872, 37.37520709598365], [127.10305740406686, 37.37518427484316], [127.1031079755121, 37.37516144468054], [127.10318425962069, 37.375125698834644], [127.10328343843054, 37.375038683360835], [127.10345752642074, 37.37496821802636], [127.10346185377382, 37.374862173532236], [127.10346529579911, 37.374460686104726], [127.10346569552306, 37.374414013043435], [127.10346591980522, 37.374387865316365], [127.10346868811085, 37.37406419934109], [127.10347170157148, 37.37371314219524], [127.1034740955255, 37.37290436847027], [127.10347472319387, 37.372692457517694], [127.1034767219606, 37.37201714279067], [127.10347764680337, 37.37170783149227], [127.10347805644318, 37.37156839858396], [127.10350266582493, 37.3715670258395], [127.1035037155182, 37.37142507853519], [127.10350581735855, 37.37114300397093], [127.1035268545895, 37.370087713214716], [127.10352772265415, 37.36990338212606], [127.10352895672801, 37.369639184442526], [127.10353853295412, 37.3691828013183], [127.1035401075161, 37.36905336865066], [127.10354455475607, 37.36881942436044], [127.1038933623902, 37.36771942971377], [127.10390494123799, 37.36768351409496], [127.10391583432587, 37.36764971646249], [127.10409613686025, 37.36709051412134], [127.10415960575384, 37.36689364951688], [127.10416727236615, 37.36686987398635], [127.10438656419599, 37.366171267676464], [127.10439835479478, 37.366133693941094], [127.10441178642442, 37.36609091088714], [127.10447720207023, 37.36588246629207], [127.10448549832886, 37.36584047158451], [127.10448551197753, 37.36537131095542], [127.10448550548452, 37.3653417755555], [127.10448551580814, 37.36510975411698], [127.10448552506918, 37.364620852102775], [127.1044812861507, 37.364575354323144], [127.10443788631336, 37.36442986848049], [127.10441283538051, 37.36434589726211], [127.10426541127002, 37.36385164514675], [127.10425923081891, 37.36383090905058], [127.10424529369354, 37.3637841942934], [127.10424558714479, 37.36375103652722], [127.10424217568604, 37.363741020155], [127.10423504672032, 37.363720059626026], [127.10415444096148, 37.363483071403664], [127.10400709196475, 37.363049853883815], [127.1039953390284, 37.363015300960804], [127.10400159042382, 37.362980399061364], [127.10375390853119, 37.362976054239], [127.10351661502234, 37.36297403358079], [127.10352363875165, 37.363042541043], [127.1035168260954, 37.36310496053457], [127.10351843876856, 37.36318721320774], [127.10351463563774, 37.363538262654544], [127.10346404527918, 37.36354960505085], [127.10311233066449, 37.36359744544403], [127.10311197739641, 37.36356985653445], [127.10308675888622, 37.36356962590649], [127.10309175598084, 37.36308116998531], [127.10308926887623, 37.36303656264821], [127.10309202719718, 37.36302276567179], [127.10309181001809, 37.36301238611419], [127.10308676142846, 37.36296848377128], [127.10304988174187, 37.362967812638246], [127.10275304934224, 37.362962372614724], [127.10211629127107, 37.362946940801685], [127.10037467420888, 37.362795623310625], [127.10037987472697, 37.36286189795871], [127.10038516561724, 37.362893798636705], [127.10039943248618, 37.36294427984309], [127.10041016097756, 37.36298222181449], [127.10039776963396, 37.36327715386167], [127.10037836783738, 37.36334814337933], [127.10038336973834, 37.36346949750333], [127.10035661705994, 37.36371102008668], [127.10035477624656, 37.36372761840156], [127.10034780589318, 37.363732093281776], [127.10034753565404, 37.36374122083371], [127.10029834363253, 37.36374333426946], [127.10025632101781, 37.36372919632113], [127.10017853471165, 37.3637048255832], [127.10014427683318, 37.363706629160966], [127.10011133179901, 37.363711026570286], [127.10019509192009, 37.36382334086832], [127.10021238090249, 37.36390583278515], [127.10022591939531, 37.36395173743324], [127.10021329462164, 37.36398291422654], [127.10021907573886, 37.36400125415607], [127.1001329185787, 37.36406728964252], [127.09935395075927, 37.36462529803149], [127.09917732571238, 37.3646563849933], [127.09896965195341, 37.364945386993234], [127.09886135473295, 37.365325246733626], [127.0987853263276, 37.36562296094072], [127.09834109897704, 37.36608319652528], [127.09819518859406, 37.36638846397802], [127.09807022372745, 37.366486912272514], [127.09794530330026, 37.36652330722247], [127.09783393598786, 37.36662673582418], [127.09779851929667, 37.367021428959944], [127.09749698114115, 37.367676525503], [127.0972131673549, 37.36767840433096], [127.09707903472291, 37.367698569454575], [127.09689554724048, 37.36747846351271], [127.09660156039672, 37.36737105549266], [127.09607333820556, 37.36733363615446], [127.0952823844358, 37.3669746421549], [127.09501492198734, 37.366905727708705], [127.09464793590085, 37.36720084863367], [127.09436931121245, 37.36731734417107], [127.0935153272658, 37.36707739438983], [127.09305217116277, 37.367313316100315], [127.09260782460632, 37.36726393190642], [127.09244896956221, 37.367294130148046], [127.09216804839619, 37.367128233940534], [127.09155818981992, 37.36700661170601], [127.09084446825791, 37.36664064539474], [127.09050426563562, 37.366695737846285], [127.09037100084964, 37.36682007052621], [127.09008367741315, 37.366791561533816], [127.08968161181775, 37.366905552482216], [127.08919412821129, 37.3671800588597], [127.08896471391792, 37.367101209335395], [127.08872972885636, 37.36702707580153], [127.0879016842674, 37.367130850120034], [127.087419823431, 37.367234863286754], [127.08721146266704, 37.36710466402136], [127.08609194539021, 37.36724739831925], [127.08579012902213, 37.36749324050687], [127.08514099023445, 37.36744098261565], [127.08376179626256, 37.36752257283865], [127.08347431970367, 37.367467630027846], [127.08322578879739, 37.367556948785946], [127.08290646164394, 37.36747673499331], [127.08182034884187, 37.36775982966098], [127.0809525264777, 37.36782049560689], [127.08045598090965, 37.368112469819316], [127.08033026354157, 37.36812079797829], [127.08007464272642, 37.36815043134665], [127.07983547457091, 37.36827147964719], [127.07976312175198, 37.36861819450454], [127.07982141057286, 37.36930549803544], [127.0799622159429, 37.36965840580259], [127.08011953147098, 37.369906784259506], [127.08013474029131, 37.37026583002886], [127.08001903765467, 37.37051702072616], [127.07970113057767, 37.37111778709649], [127.07952233067695, 37.37132795055032], [127.07986014927421, 37.37168825171923], [127.07979015356685, 37.3722421089156], [127.08037531214703, 37.37266663136218], [127.08063821045673, 37.37270435260586], [127.08075485330232, 37.3730560229668], [127.08079381284335, 37.37349444123809], [127.08079481979875, 37.373517948122334]]]}}, {"type": "Feature", "properties": {"legal_dong_code": "41135113", "legal_dong_name": "동원동"}, "geometry": {"type": "Polygon", "coordinates": [[[127.10378012673486, 37.3469481079973], [127.10378238068382, 37.34691244360146], [127.1037608224741, 37.34682758596972], [127.10373180590534, 37.346793813710995], [127.10368361834125, 37.346737730678775], [127.103680824533, 37.34667484175922], [127.10361938783304, 37.34664398974527], [127.10361549014516, 37.34659930241961], [127.10360281161638, 37.3465709311687], [127.10361024255761, 37.34655785993759], [127.1036007466273, 37.34654615484628], [127.10360040739404, 37.34632058428268], [127.10360096479388, 37.346115421086026], [127.10360047025468, 37.34609191384761], [127.10360012057339, 37.346075371384536], [127.10359926427527, 37.34603473602885], [127.10360451074341, 37.34557521023532], [127.10361168715262, 37.34520749690122], [127.10361402263565, 37.345015306851046], [127.10361277385238, 37.3447264492107], [127.10361221837616, 37.34459957674478], [127.10360947599101, 37.34389934059772], [127.10360945721607, 37.343893808336496], [127.10360786913918, 37.3436377211193], [127.10360772496212, 37.34361458298782], [127.10360768836944, 37.343587552346555], [127.10361566145409, 37.34297485018094], [127.10361736184815, 37.342838758269735], [127.10361840985512, 37.34275427749077], [127.10362428551602, 37.34230125628021], [127.10351302756183, 37.342353251153746], [127.10342600384398, 37.3426010893422], [127.10316334911067, 37.342741595503384], [127.1031627252145, 37.342864810873756], [127.10307010600253, 37.342864016420954], [127.10294361300012, 37.34285822323517], [127.10293565131026, 37.34286246486655], [127.1029049436409, 37.34286211275716], [127.10287767802096, 37.34286179373172], [127.10282688239252, 37.34286129662682], [127.1025977095483, 37.342859023850146], [127.10245490329571, 37.34285710946535], [127.10231808962472, 37.342855270894496], [127.102236010552, 37.34285424155212], [127.10217017125274, 37.342853423593134], [127.10219640243481, 37.3427805175585], [127.10211120207357, 37.34277450813086], [127.10186999489841, 37.34303172966015], [127.10185662716393, 37.34302725390626], [127.1018202794767, 37.34313922776622], [127.10174235366773, 37.34313013941903], [127.10040470775824, 37.34297589273584], [127.09995383886402, 37.342941732543835], [127.10006755219845, 37.34293533071667], [127.1001528491054, 37.342937485158785], [127.10019685484203, 37.34293226758213], [127.10052720223636, 37.342944605894225], [127.10052504370194, 37.34289070853136], [127.10046633087009, 37.342747846461926], [127.10029980595858, 37.34272211726363], [127.10014939918311, 37.34264668299806], [127.10005169243098, 37.342664541591304], [127.0999089543269, 37.342697232354354], [127.09983697145375, 37.34271888069936], [127.09938352415422, 37.342713985688206], [127.09937916148365, 37.34267413706752], [127.09937655653763, 37.34264084643706], [127.0993045206054, 37.342621651147496], [127.09928504573745, 37.34256336206957], [127.099075680513, 37.34254446025266], [127.09908854799679, 37.34265966340287], [127.09908951840819, 37.342668294399076], [127.0991405108297, 37.34269016520239], [127.09915381223063, 37.34269587571926], [127.09916594123507, 37.34274614276961], [127.09927832832261, 37.3427615024911], [127.09940787199866, 37.3427878403867], [127.09955310370412, 37.342832645114356], [127.09960428967382, 37.34289901706132], [127.09964867433905, 37.34292481257096], [127.09922624012285, 37.34290433958005], [127.09875365317929, 37.3428829061768], [127.0980301475667, 37.34285075545378], [127.09787256346459, 37.342923974855196], [127.09669078416248, 37.34389210703713], [127.09607341885356, 37.344371819853414], [127.09575289046909, 37.34461728883565], [127.09550125622543, 37.344824832262155], [127.09525245472112, 37.345033535221255], [127.09484326579063, 37.34536494835761], [127.09454126212854, 37.345474705462955], [127.09440299379786, 37.345495861983395], [127.0943987398421, 37.34549645999796], [127.09418585006748, 37.34552632464028], [127.09408423033017, 37.3455417395944], [127.09386511212026, 37.34557283392301], [127.09331985457344, 37.345803109053264], [127.0932147500288, 37.34584885437011], [127.09318234469447, 37.34593835098258], [127.09315073798585, 37.346025720554074], [127.09312462442529, 37.34610138158509], [127.09307596547269, 37.346235779670565], [127.09309227642579, 37.34634978238082], [127.09310701657193, 37.346452739772204], [127.09310731265091, 37.34645492001637], [127.09314753986291, 37.34674663079196], [127.09302855327628, 37.34692336825665], [127.0929784063104, 37.34699463282472], [127.0910635871945, 37.34782126260104], [127.09001551181309, 37.34808039227187], [127.08964143015831, 37.34814306728538], [127.08944399339141, 37.34817333535458], [127.08882793265313, 37.3485241900054], [127.08817713521766, 37.3489800629419], [127.08785208808972, 37.349271213479575], [127.08734797300089, 37.34972312730056], [127.0870300454703, 37.35039622241499], [127.0868388586669, 37.35092890018343], [127.08662813859472, 37.35124733778404], [127.08594416858462, 37.35167442546542], [127.08514602631328, 37.351796188774955], [127.08430839208455, 37.35186884165369], [127.08332080819122, 37.351853418446225], [127.08317144833516, 37.3517974691018], [127.08266587575724, 37.351608161017275], [127.08222344134909, 37.3513438427282], [127.08191464837556, 37.35115947876288], [127.08179224542128, 37.35105271876822], [127.08179822477766, 37.35102918904106], [127.08160137049478, 37.35085288445172], [127.08147832543013, 37.350788950111436], [127.08070034771369, 37.350130799653215], [127.07943510569199, 37.34966416274046], [127.07809365046823, 37.34961803239663], [127.07710009530541, 37.35005524338679], [127.07623635555431, 37.35057158189527], [127.07570373793055, 37.3519132226624], [127.07535538397627, 37.35271601629631], [127.07518156841289, 37.35335150676244], [127.0746621067887, 37.354157846493905], [127.07424588578479, 37.35491486159758], [127.07402139022793, 37.35545904479901], [127.07320526392809, 37.3561498142031], [127.07251209886299, 37.3568530373632], [127.07214102435391, 37.35713936055248], [127.07223296865898, 37.35719646636478], [127.07213280894341, 37.35723768481794], [127.07226232111165, 37.35734630654666], [127.07227871693775, 37.35736522718057], [127.07235132348332, 37.35741940713816], [127.07246674403234, 37.35751019687151], [127.07253289167623, 37.35756146128375], [127.07380359897354, 37.35843081599048], [127.0743217739566, 37.358799997612486], [127.07417652572028, 37.359269626590006], [127.0743898430241, 37.359703624903375], [127.07456518667254, 37.35983091198538], [127.07462323559777, 37.35987307990506], [127.07512087847317, 37.36033254381631], [127.07516595778658, 37.36037416991319], [127.0751254102227, 37.360869620995494], [127.07583458900125, 37.36144345160039], [127.07599743087152, 37.36194655072717], [127.07594313059411, 37.36217067753251], [127.0760078802654, 37.3623542285549], [127.07626106717969, 37.36248375260354], [127.07648847154884, 37.36285043181625], [127.07655172429938, 37.362934465850344], [127.07671679552585, 37.36331065383599], [127.07689656548372, 37.363460748379545], [127.07693995655197, 37.36349324752487], [127.07707875986355, 37.36364133159761], [127.07759722111363, 37.364153201799176], [127.07800917407735, 37.36459039004039], [127.07800381673206, 37.36496202794182], [127.07812570887211, 37.3651267544973], [127.0785387378193, 37.365117449041726], [127.07887759530281, 37.36496003607539], [127.07903362200452, 37.36467089593494], [127.07989622431585, 37.36413978924473], [127.08046055815055, 37.364173751796905], [127.08063178460274, 37.36421979661866], [127.08072894836192, 37.36425579939653], [127.08098965033643, 37.36422951297912], [127.08115831959628, 37.364226732514716], [127.08159445960074, 37.363970845871854], [127.0816049425216, 37.36365903197741], [127.08183155583842, 37.363446408913916], [127.08242167141749, 37.36318920717476], [127.08280840596714, 37.36298777138131], [127.0836385478782, 37.36267894112152], [127.083879914677, 37.362515400419944], [127.08390843013721, 37.36249608071984], [127.08400291667849, 37.362293735951035], [127.084120592696, 37.36210546685648], [127.08424122713345, 37.36194943405646], [127.0843061891324, 37.36188674971418], [127.0845893820454, 37.361627823339745], [127.084744510769, 37.36154310853235], [127.08513222838563, 37.361325265839625], [127.08535379214808, 37.36125637020797], [127.08543178836814, 37.36124266445099], [127.08559382382428, 37.36121885256685], [127.08569582259902, 37.361188812103066], [127.08604494711162, 37.36107611585476], [127.0866400448286, 37.360631882740584], [127.0866585263282, 37.36061470500963], [127.08672280448825, 37.3605589937141], [127.08695956382468, 37.360315962013544], [127.08699496400364, 37.360267434532254], [127.08717182334776, 37.3600398981592], [127.08731234981569, 37.35985520434416], [127.08734227096895, 37.3598229891921], [127.08757832080683, 37.35950607309234], [127.0877391239141, 37.3592870441439], [127.08809316224483, 37.35909942742315], [127.08858659390786, 37.35907136788961], [127.08911772740639, 37.3585103069163], [127.08925801706266, 37.35840022440881], [127.09015733257614, 37.35857255882124], [127.09045834294905, 37.35862341171212], [127.09054851995498, 37.358537575759506], [127.09081974875824, 37.358279382180136], [127.09084849963662, 37.35825202351641], [127.09123794495953, 37.358111232678304], [127.09160166440813, 37.357979758679555], [127.0917022040497, 37.357943406992774], [127.09174559987468, 37.35790177379183], [127.09225785642015, 37.357410334867616], [127.09241770860277, 37.35727885237367], [127.09242631055095, 37.357270268048936], [127.09244523246439, 37.357114683319914], [127.092527275224, 37.356521325273754], [127.09260422830376, 37.35619127627835], [127.0927171725953, 37.35607329972254], [127.09276724038727, 37.355903481799054], [127.09278372325483, 37.355785210126214], [127.09246372644228, 37.355191855146735], [127.09247604154221, 37.35498678236731], [127.09248522525702, 37.35483384505017], [127.09250417872701, 37.35451797763012], [127.0925463937532, 37.35433237990976], [127.09258293070603, 37.3540902835198], [127.09268945412329, 37.353929360225656], [127.09338628623176, 37.35360547172465], [127.09367077850186, 37.35324163441213], [127.09381591700377, 37.35260663478492], [127.0938437351007, 37.3523548047008], [127.09416901958772, 37.35170461675666], [127.0943484624028, 37.35147334610308], [127.09465749616658, 37.35133365212617], [127.09464958333793, 37.35131459274516], [127.09426553915695, 37.35038997800187], [127.09423522447408, 37.35031701001705], [127.09414235055272, 37.34998765129504], [127.09413608894515, 37.34998033990287], [127.09440481761648, 37.34929425356723], [127.09456130614633, 37.34912455831964], [127.09461162038428, 37.34907000692653], [127.09461241662028, 37.348855653245046], [127.09461270429593, 37.348777858805896], [127.09491921511274, 37.34856051602094], [127.09512592082828, 37.34816094771492], [127.0952219661207, 37.34793468817392], [127.09563026307514, 37.34765644387595], [127.0962766028634, 37.34740740806978], [127.09657562293077, 37.34739768942726], [127.09684211052011, 37.347382968545276], [127.09806252203673, 37.34744099580442], [127.09843982153312, 37.34731730135431], [127.09848844845641, 37.34730530494463], [127.09871276363431, 37.34723223720107], [127.0988124648407, 37.347198357914], [127.09937636785337, 37.34713940746709], [127.09948562291991, 37.3471452097246], [127.10006665152147, 37.3471425196331], [127.10026005717059, 37.3471332490307], [127.1003843909464, 37.34712235995602], [127.100637898189, 37.34711634524326], [127.10092750183237, 37.34709635184159], [127.10105095191678, 37.34709156272736], [127.10116400499773, 37.34708474593266], [127.10125682942534, 37.34710026439902], [127.10145024480497, 37.34713259202421], [127.1015240704864, 37.347127555997865], [127.10193853386869, 37.34702586697166], [127.10199146114935, 37.347014757483294], [127.10208621345937, 37.346994863500335], [127.1021119428801, 37.346993075622024], [127.10217784629134, 37.346988487424625], [127.10221166123806, 37.347024130105225], [127.10225318490632, 37.34714457039347], [127.10231020507796, 37.347257167582534], [127.10241761978305, 37.347312714117606], [127.10245946310482, 37.34730905631399], [127.10252417378373, 37.34729852219713], [127.10252421890324, 37.34729850413815], [127.10288802756605, 37.34716929276775], [127.10297767665784, 37.34714795179891], [127.10300593878858, 37.34714122395404], [127.10303771837083, 37.347140097440175], [127.10311332869888, 37.34711110071859], [127.10340129951209, 37.34696065271263], [127.10370770645889, 37.34695729792844], [127.10378012673486, 37.3469481079973]]]}}, {"type": "Feature", "properties": {"legal_dong_code": "41135114", "legal_dong_name": "구미동"}, "geometry": {"type": "Polygon", "coordinates": [[[127.10184183683941, 37.34302229280506], [127.10185662716393, 37.34302725390626], [127.10186999489841, 37.34303172966015], [127.10211120207357, 37.34277450813086], [127.10219640243481, 37.3427805175585], [127.10217017125274, 37.342853423593134], [127.102236010552, 37.34285424155212], [127.10231808962472, 37.342855270894496], [127.10245490329571, 37.34285710946535], [127.1025977095483, 37.342859023850146], [127.10282688239252, 37.34286129662682], [127.10287767802096, 37.34286179373172], [127.1029049436409, 37.34286211275716], [127.10293565131026, 37.34286246486655], [127.10294361300012, 37.34285822323517], [127.10307010600253, 37.342864016420954], [127.1031627252145, 37.342864810873756], [127.10316334911067, 37.342741595503384], [127.10342600384398, 37.3426010893422], [127.10351302756183, 37.342353251153746], [127.10362428551602, 37.34230125628021], [127.10361840985512, 37.34275427749077], [127.10361736184815, 37.342838758269735], [127.10361566145409, 37.34297485018094], [127.10360768836944, 37.343587552346555], [127.10360772496212, 37.34361458298782], [127.10360786913918, 37.3436377211193], [127.10360945721607, 37.343893808336496], [127.10360947599101, 37.34389934059772], [127.10361221837616, 37.34459957674478], [127.10361277385238, 37.3447264492107], [127.10361402263565, 37.345015306851046], [127.10361168715262, 37.34520749690122], [127.10360451074341, 37.34557521023532], [127.10359926427527, 37.34603473602885], [127.10360012057339, 37.346075371384536], [127.10360047025468, 37.34609191384761], [127.10360096479388, 37.346115421086026], [127.10360040739404, 37.34632058428268], [127.1036007466273, 37.34654615484628], [127.10361024255761, 37.34655785993759], [127.10360281161638, 37.3465709311687], [127.10361549014516, 37.34659930241961], [127.10361938783304, 37.34664398974527], [127.103680824533, 37.34667484175922], [127.10368361834125, 37.346737730678775], [127.10373180590534, 37.346793813710995], [127.1037608224741, 37.34682758596972], [127.10378238068382, 37.34691244360146], [127.10378012673486, 37.3469481079973], [127.10377077906199, 37.34709572148537], [127.1037520648491, 37.34720231052769], [127.10373284663835, 37.347311792280806], [127.10372934117632, 37.34733173492325], [127.10374564654583, 37.347504482762496], [127.1037586083395, 37.34764172421472], [127.1037636924074, 37.34769562795527], [127.10379674199059, 37.34784850278381], [127.10377561381678, 37.347997730252814], [127.10386841492443, 37.348269217950254], [127.10390479998766, 37.348634010144565], [127.10376213474613, 37.34921024675137], [127.10377855942409, 37.34933745679859], [127.10373759107716, 37.34942119710665], [127.10363819942283, 37.34945083645323], [127.10363838562861, 37.3495883141561], [127.10363841633351, 37.34961098383076], [127.10363843239381, 37.3496228412599], [127.10363591557402, 37.34993117298334], [127.10363703204611, 37.35008885077253], [127.10636059868801, 37.35005033739353], [127.10865529761958, 37.35002287265147], [127.10915844475163, 37.35002457835806], [127.113186557145, 37.35003832440935], [127.11327041489182, 37.350038515528475], [127.11336827368883, 37.35004274794733], [127.11346579899084, 37.350050404482], [127.11356276508464, 37.35006148534706], [127.11365917184911, 37.35007590044188], [127.11375456784369, 37.35009365019608], [127.1138489529461, 37.350114644510015], [127.11394210144101, 37.35013888360062], [127.11403390047595, 37.35016636757804], [127.11412401120187, 37.35019691656368], [127.11421243376239, 37.350230620663346], [127.11429894230454, 37.350267389993945], [127.11438342370279, 37.35030704446325], [127.11446565237134, 37.350349674393094], [127.11454540231853, 37.350395099799755], [127.1146226732784, 37.35044314048414], [127.1146972396619, 37.35049388676904], [127.11476898833693, 37.35054715856353], [127.11483780630536, 37.35060286587877], [127.11490346770363, 37.350660918834166], [127.11496597239497, 37.35072122733295], [127.11502509424197, 37.35078352129058], [127.1150808333767, 37.350847890814144], [127.11513578336996, 37.35091280168134], [127.1172419859116, 37.35336225803872], [127.11756152382189, 37.353733886400335], [127.1206688297696, 37.35203642768961], [127.1210679016148, 37.352163970045986], [127.12200939039516, 37.352489725036506], [127.12300949824093, 37.3528357753943], [127.12316531227533, 37.35279406919773], [127.12376383767503, 37.35289186170319], [127.1240587501461, 37.35292007388736], [127.12449796230679, 37.35298865431808], [127.12480043064377, 37.353054041926065], [127.12481300856528, 37.3530567589104], [127.12569439981708, 37.353204433342235], [127.12600231066081, 37.353256368930516], [127.12622264563528, 37.353293547246935], [127.12641717108983, 37.35328498956135], [127.12653052760191, 37.3532799862909], [127.12671323527925, 37.35326438561408], [127.12681431766111, 37.353276559506526], [127.12695418938918, 37.353293422547324], [127.12713209188225, 37.35331352476098], [127.12725181903899, 37.35333851802539], [127.12785137409959, 37.35307514160275], [127.12849891747373, 37.352504264301565], [127.12902336851063, 37.352285905425305], [127.13014245601353, 37.35189073155688], [127.13046854860619, 37.35167949259562], [127.13077300507597, 37.35120609727525], [127.1311594060138, 37.35105285227702], [127.13198190309005, 37.35118014533414], [127.13288827873858, 37.35115522918316], [127.13268639652104, 37.35042181480156], [127.13266186587359, 37.3503084484863], [127.1326697450938, 37.350244332095556], [127.1327041631711, 37.35011802482543], [127.13270438411456, 37.350037437244794], [127.13274634899142, 37.34959780947195], [127.13258123330473, 37.349553734351105], [127.13265734139102, 37.349335891182015], [127.13269130976425, 37.3492821706726], [127.13271801004281, 37.349209149326775], [127.13271483410288, 37.34918709584684], [127.1327584348142, 37.34909104366171], [127.13283158015213, 37.348876924869174], [127.13293760953601, 37.34873860846958], [127.13299241927902, 37.348689270709095], [127.1331696528598, 37.34847378354995], [127.13320653588126, 37.34844150395205], [127.13342566537042, 37.348305286676826], [127.1340794741432, 37.34790460144211], [127.13419563271634, 37.3473354220512], [127.1341906685598, 37.34731070358568], [127.13416691874828, 37.34719923780336], [127.13424827583886, 37.3467038369262], [127.13468366698102, 37.346656269256954], [127.13506926209936, 37.346549973553486], [127.13546749244233, 37.346187420712575], [127.1360225991418, 37.345772933564824], [127.13638993316137, 37.34535423398664], [127.13653909164314, 37.34482271319853], [127.13732590558337, 37.344520033309955], [127.13701935452015, 37.343902914400196], [127.13642202527453, 37.34353499789045], [127.13654128747598, 37.34329465833456], [127.1364680354452, 37.34303033694337], [127.13608866369495, 37.342438977633], [127.13622470841597, 37.34198502289456], [127.13623027264133, 37.34196643747706], [127.13629607407101, 37.3417568568009], [127.13636057352923, 37.341134861546216], [127.1366600135517, 37.34097326387944], [127.13702584497351, 37.34098309907268], [127.13704338980854, 37.340792855092765], [127.13741692813109, 37.340364341761635], [127.1376745282381, 37.33979551829523], [127.13794951744791, 37.33967142801704], [127.13792422952693, 37.339378859043016], [127.13743291585136, 37.33923547707385], [127.13703782148417, 37.339458681148244], [127.13654876774714, 37.33951803205871], [127.13627623593737, 37.33937632357664], [127.13570803835663, 37.339395449371835], [127.13534415477935, 37.33923876820259], [127.13510585275982, 37.33895690923629], [127.13497985844623, 37.33891173899014], [127.13481572378645, 37.33905268182165], [127.1346960127695, 37.338961479946086], [127.13421252776165, 37.33859334263649], [127.13383193906505, 37.33864273947363], [127.13370745271884, 37.338658844752906], [127.1331851494879, 37.338772082061595], [127.13314476616328, 37.33876168414065], [127.13288023676616, 37.33869341930822], [127.1323687906523, 37.338788737632925], [127.13223061328513, 37.338751488911285], [127.13162812821926, 37.33858912191496], [127.13158357212872, 37.33853420850433], [127.13135336143408, 37.338275840728784], [127.13112280043052, 37.337983432225215], [127.13045565655582, 37.33763205935332], [127.12927564399969, 37.337421869308905], [127.12846222245079, 37.33768044649521], [127.12824344965182, 37.33762640339096], [127.12756987084265, 37.33741875232584], [127.12675529635503, 37.33731266591949], [127.12560378486312, 37.33748903812367], [127.12493809917045, 37.3368587478365], [127.1245972064931, 37.33679440947678], [127.12398903750363, 37.336760351178974], [127.12306403087182, 37.33695259231784], [127.12282173334036, 37.337079254553586], [127.12245990157587, 37.33676399651258], [127.1219114165831, 37.33644000729482], [127.12161372942255, 37.33551396762252], [127.12142537414587, 37.335357740975354], [127.12132183861753, 37.33475154707756], [127.12092077480493, 37.334590759371096], [127.12074765858404, 37.33450713874776], [127.12058907411155, 37.33433619404857], [127.11997380189219, 37.334220129071284], [127.11975017197601, 37.33408781215885], [127.11922911444978, 37.33396570236037], [127.11848797774398, 37.33388759779886], [127.11821389822624, 37.333892013150155], [127.11787538898744, 37.33389739227062], [127.11773829277567, 37.33389959937163], [127.11744734638705, 37.333428469128066], [127.11703778176853, 37.33338030452975], [127.11693216778951, 37.333382119544716], [127.11675504850685, 37.333480233481964], [127.11641347560528, 37.33391783254366], [127.11613489853401, 37.3340072139922], [127.11532225530618, 37.334473106906195], [127.11514519359942, 37.334687450422756], [127.11506245594077, 37.33489530591633], [127.11478790803226, 37.335116409973935], [127.11439485748149, 37.33540114866683], [127.11401682676177, 37.335544501162765], [127.11371971738717, 37.33569804740433], [127.11315756641173, 37.335792736137336], [127.1130765660706, 37.33580641799577], [127.11310718730343, 37.33568159735569], [127.11308533769348, 37.335633503302304], [127.11314925830749, 37.33543999324411], [127.11317397899168, 37.33529319316963], [127.11249608604068, 37.33579245742611], [127.11228947745022, 37.335719127519845], [127.11188010019382, 37.33557390467747], [127.1116976535, 37.33550920102067], [127.11169876480595, 37.335497486678804], [127.11159850757343, 37.33546054793039], [127.11149068586691, 37.33542073285249], [127.11134386818739, 37.33533572249393], [127.11121406350354, 37.33523258560388], [127.11111004828804, 37.335171682694224], [127.11103093052034, 37.335082824915816], [127.11088874489862, 37.3349230247322], [127.1108234262136, 37.33477838068572], [127.11078751839004, 37.33468353605419], [127.1107268196238, 37.334612050810826], [127.11053453944889, 37.33445563020381], [127.11049567684364, 37.33442404007075], [127.11045020043981, 37.334422730413465], [127.11040143195814, 37.33448593707115], [127.1102676620326, 37.334604724931395], [127.11020623843197, 37.334656319931725], [127.11014751966981, 37.33470565985703], [127.1101233911835, 37.33471910726156], [127.11002800451885, 37.33477217497726], [127.10995703480054, 37.33477701546986], [127.10979235020599, 37.33482059563669], [127.10954173095362, 37.33497796325807], [127.10951655809919, 37.33505024833957], [127.10951230252645, 37.33507286791876], [127.10950636710798, 37.335104409165474], [127.10950222346725, 37.33512639792533], [127.10949895755498, 37.33528858516718], [127.10944192602662, 37.33541369928652], [127.10937949503524, 37.335471872242785], [127.10924846764497, 37.33553803665332], [127.1092341734424, 37.335563728841166], [127.10917452031859, 37.335670914843206], [127.10914856801278, 37.33567183947844], [127.10914465534877, 37.335776722184356], [127.10913676156038, 37.33578033345917], [127.10913291761017, 37.335775201121116], [127.10898606002482, 37.33581921445558], [127.10874761338258, 37.33581123148827], [127.10866771798042, 37.33580896121012], [127.10855535837783, 37.33583086768454], [127.1082905080319, 37.33590354929075], [127.1081347788563, 37.335978474682356], [127.10795720971419, 37.336090091176814], [127.10786598945698, 37.3362192898798], [127.1077030057782, 37.33643216791964], [127.10701066796265, 37.33696403069321], [127.10598160816477, 37.337507449952675], [127.10581469940155, 37.33758067019989], [127.10551889841543, 37.337718967364005], [127.10473047226986, 37.33806438930838], [127.10463697931871, 37.338105287186764], [127.10453287965582, 37.33822944877544], [127.10450719257749, 37.33826001582665], [127.10437916992016, 37.338384738713444], [127.104229031205, 37.33842820836757], [127.10410150657785, 37.33842183164139], [127.10396430745858, 37.33843771842886], [127.10388470957358, 37.33849031697987], [127.10378675786984, 37.33857257500683], [127.10371986526853, 37.33867444843103], [127.10365249841902, 37.33884290783699], [127.10359200902658, 37.33904869966505], [127.10349972618343, 37.33923479546934], [127.10344229909397, 37.33935232935762], [127.1033277516711, 37.339539165015964], [127.1032176655305, 37.339620432864194], [127.1031387674841, 37.33964935141684], [127.1029897054687, 37.33970706374027], [127.10286797148399, 37.33980414519448], [127.10284886179524, 37.3398343818752], [127.10282437764072, 37.33987087625453], [127.10280738777901, 37.339899858691055], [127.10255479103382, 37.34017138171018], [127.10245507935018, 37.340265128158975], [127.10232307063967, 37.3404775036933], [127.10232256991682, 37.34055880341721], [127.10242189679458, 37.3413325982557], [127.10243979010711, 37.34153144772889], [127.10243237652725, 37.34186932856598], [127.10237453627484, 37.342161651626085], [127.10229994033548, 37.34235509267548], [127.10226194548758, 37.34244979548301], [127.10219304334711, 37.34255520169984], [127.10206493431755, 37.34275043609833], [127.10196664921935, 37.34286762549113], [127.10184183683941, 37.34302229280506]]]}}, {"type": "Feature", "properties": {"legal_dong_code": "41135115", "legal_dong_name": "운중동"}, "geometry": {"type": "Polygon", "coordinates": [[[127.03711033442399, 37.40130642205807], [127.03745754871663, 37.40176020275255], [127.03777140398704, 37.40193212848787], [127.03802718201915, 37.40207213940496], [127.03843079905954, 37.40218406415379], [127.03869292969901, 37.4022619647643], [127.03880807519046, 37.40231050215437], [127.03893679301949, 37.40235216941265], [127.03907746929369, 37.40236672122945], [127.03912485668864, 37.40236073244525], [127.03950916854589, 37.40234777914543], [127.03998179886533, 37.402331164812395], [127.04063388120363, 37.40259525423722], [127.04102101639344, 37.40273069204167], [127.04160946303053, 37.40308039360443], [127.04177447158087, 37.40318405321181], [127.04201086960332, 37.40343020147366], [127.04257257197217, 37.403700915502576], [127.04324987371527, 37.4038846112737], [127.04428334551412, 37.403784238493074], [127.0449983706034, 37.403490283340645], [127.04560175078568, 37.403436026126876], [127.0464370352511, 37.40349292609848], [127.04709452587545, 37.40366286692166], [127.047759580615, 37.40349206485095], [127.04967915673345, 37.40352669934362], [127.05068020331045, 37.403500139933506], [127.05088018140063, 37.4033628592844], [127.05150212092599, 37.403218697121986], [127.0522948252243, 37.40287001849013], [127.05283401907063, 37.40269665593646], [127.05288978722307, 37.40270915580873], [127.05332546919855, 37.40260440307741], [127.05408647160294, 37.40263394479442], [127.05443376972586, 37.40241023937784], [127.05494806886533, 37.402229210685455], [127.05573290146856, 37.402372195690816], [127.0561478015668, 37.40243031832482], [127.05666558516094, 37.40213942896489], [127.05691847601236, 37.401883521958325], [127.0574566616985, 37.40156285906305], [127.05756145120785, 37.401506514099125], [127.05828736739791, 37.401255019207376], [127.05862745326182, 37.40127056010611], [127.05872609324861, 37.40123827414711], [127.0588125884755, 37.40120123663819], [127.05948293582584, 37.40097039452748], [127.05956856966921, 37.400666755884956], [127.05981342106588, 37.40043229070652], [127.06037852590225, 37.39996051913723], [127.0609941209009, 37.39972105493459], [127.06117308949506, 37.399644766017616], [127.06129094710836, 37.39956838159536], [127.06164259477175, 37.39932032532117], [127.06197354208435, 37.399146666305064], [127.06252692170554, 37.39885375069575], [127.06319351690905, 37.39850747849291], [127.063625711688, 37.3986579288778], [127.0640516390732, 37.398616708243146], [127.06442827178945, 37.39863242036907], [127.0645599696145, 37.398635900222814], [127.06473600683682, 37.398613235830425], [127.0657030565244, 37.39807004297682], [127.06618834540394, 37.39833946113613], [127.06719840452104, 37.39811431758113], [127.06787128272761, 37.39798353810862], [127.06810918651782, 37.39814318123025], [127.06838329252928, 37.39819440237794], [127.068927560097, 37.39810310892927], [127.06936810999598, 37.39797801241797], [127.06975279270857, 37.397781748364885], [127.07044008721971, 37.397850430520386], [127.07053027464089, 37.397860027780915], [127.07117611601215, 37.397798731501084], [127.07173693597775, 37.39780686031539], [127.07214072962483, 37.397981731961764], [127.07227081966344, 37.398017721793806], [127.07263339779605, 37.39808881956414], [127.07281047347993, 37.39810527357542], [127.07309348002173, 37.39810705780613], [127.07369032753257, 37.39803133418563], [127.07420668357906, 37.397755415646266], [127.07441695809509, 37.39773318431665], [127.07463404687637, 37.39773875370103], [127.07480478131919, 37.398016619919225], [127.07486848834017, 37.39804003381814], [127.07546746556517, 37.39818021895985], [127.07598001825988, 37.39842612646341], [127.07655263430809, 37.39900104399045], [127.0770359435412, 37.39891867194287], [127.07748125101655, 37.3989394163727], [127.07763159776128, 37.39898948815496], [127.07826931880861, 37.39915677267421], [127.07894017844376, 37.398994675376585], [127.07910940699838, 37.398954874780095], [127.07918996317784, 37.398920538305894], [127.07939282081036, 37.39886679454073], [127.07945583423356, 37.398850895175606], [127.07980725375316, 37.39862888740942], [127.08019467752908, 37.398365939587364], [127.08055022139459, 37.3982685641461], [127.08090862500465, 37.39818511539412], [127.081099832003, 37.39815983955567], [127.0812389536055, 37.39813509409324], [127.08125386584098, 37.398107603105274], [127.0820951558787, 37.39750659691504], [127.0825763544294, 37.397597180370944], [127.08291868693784, 37.397518286657686], [127.0835068120515, 37.397068814793535], [127.08379613692546, 37.39705816206359], [127.08415645819375, 37.397114945004745], [127.08430450576795, 37.39720962815465], [127.0859878407371, 37.39292942899089], [127.08596188542239, 37.39284484222196], [127.08593638187536, 37.39276025512356], [127.0859122333098, 37.392675486848425], [127.0858895524463, 37.392590357113875], [127.0858683394822, 37.39250504612366], [127.08584848138494, 37.39241946385765], [127.08583020410434, 37.392333700256934], [127.08581032168102, 37.392226313434364], [127.08579032648923, 37.39211901678834], [127.08577021842856, 37.39201172021735], [127.08574706182651, 37.39190478621848], [127.08572176010246, 37.391798214146625], [127.08569453901586, 37.39169191373828], [127.08568002529806, 37.39163894437683], [127.08565939277602, 37.391567328352764], [127.08564035192121, 37.39150526195299], [127.085620520822, 37.391443376314584], [127.08560023825588, 37.39138167119622], [127.08557893949748, 37.391320056897584], [127.08550791123487, 37.39122036498116], [127.08538353436913, 37.390874643596156], [127.08523371977928, 37.39080573197821], [127.08507457271658, 37.390467603381744], [127.08516490829791, 37.39036275143042], [127.0850159537544, 37.389948209410306], [127.08501085953559, 37.38983495536566], [127.08490925381354, 37.3895516576928], [127.08469947839045, 37.38896983949693], [127.08462018393662, 37.38874401063395], [127.08422862835289, 37.38765373177051], [127.08395996541543, 37.387639467079175], [127.08357141313249, 37.38764352158424], [127.08311366841136, 37.38767285101737], [127.08222725263305, 37.38788754066277], [127.08218585134685, 37.387925231370694], [127.08206653967521, 37.38796720993124], [127.08184512178651, 37.38798466004223], [127.08153911423521, 37.38799054390553], [127.08143468174465, 37.38800818433369], [127.08133278447596, 37.38796743713744], [127.08122586343319, 37.38798102448993], [127.08117579395993, 37.38793771936931], [127.08091649726134, 37.38790734931375], [127.08060764489369, 37.38789223900928], [127.08047922848297, 37.387867186484144], [127.08042298346626, 37.38774910085614], [127.08033201342808, 37.387682666553275], [127.08028343694069, 37.38766260626533], [127.08013985319964, 37.38760251395638], [127.08007718969951, 37.38760913301664], [127.08006100343921, 37.38768023391634], [127.08002952930086, 37.387817749828024], [127.08008502204902, 37.38808116998433], [127.0798653646113, 37.38805491595513], [127.07972400342992, 37.38806942577794], [127.07957232853381, 37.38815629380433], [127.07956908459282, 37.38851273776232], [127.07954978361003, 37.38852094974261], [127.079518436018, 37.38856385876996], [127.07893982476544, 37.3886701984463], [127.0772138178599, 37.38900162820847], [127.0771146235003, 37.38895276651342], [127.07626129103677, 37.38862831259512], [127.07618085114886, 37.38847410952219], [127.07610755424606, 37.38834882449018], [127.07605410020554, 37.38830587974375], [127.07595913016708, 37.38818790650218], [127.07586877423121, 37.388053802098504], [127.07581912905776, 37.387979679702504], [127.07571579874902, 37.38785666582266], [127.07569478267533, 37.3878435241762], [127.07563814485393, 37.38777760533142], [127.07555482697255, 37.387680077509636], [127.07569900013024, 37.38765430820733], [127.07570642308622, 37.38762411952002], [127.07568007545194, 37.38758620327924], [127.07573651533681, 37.387565985115415], [127.07589634820981, 37.38738964599139], [127.07574668603604, 37.38734495953877], [127.07551065967581, 37.38731942850271], [127.07538312709514, 37.38727175438834], [127.07523947610052, 37.38713822336866], [127.07521680991883, 37.387169412647495], [127.07518731162895, 37.387142400549926], [127.07516575169932, 37.38715016271594], [127.07493267005172, 37.386669615631305], [127.07493402613386, 37.38551262003607], [127.0748603375235, 37.38532786733989], [127.07485009800702, 37.385132803679], [127.07476458208684, 37.3848610200731], [127.07469958817356, 37.3847915919558], [127.07464141120765, 37.38476531826732], [127.07453381135242, 37.384541211893925], [127.0745280796389, 37.38445255542572], [127.07468244229223, 37.38434451826735], [127.0747094374549, 37.38412095940146], [127.07468292854159, 37.38391527376009], [127.07470736092041, 37.383843267429405], [127.07466935225085, 37.3836554290176], [127.07472214539514, 37.383603497801616], [127.07471951387305, 37.383567999381626], [127.07464997299284, 37.38346604734051], [127.07467307209197, 37.38330024601763], [127.07456491238841, 37.38307893311336], [127.07461899604176, 37.3829609566274], [127.07471394825158, 37.38272104728134], [127.07482052264447, 37.38258979325191], [127.072854137205, 37.38256810992004], [127.07141368203084, 37.38350314402546], [127.06925205853827, 37.383746144592145], [127.06862411133763, 37.38408906904161], [127.06862218438488, 37.38515774759552], [127.06862029823107, 37.38515723508652], [127.06834341818296, 37.38508231018575], [127.06801613234805, 37.384993762593574], [127.06791651689679, 37.38496681510882], [127.06770048650073, 37.384979586475524], [127.06718872237374, 37.385009857597524], [127.06686280771684, 37.38502912166028], [127.06663756349376, 37.3850424277759], [127.06640669628703, 37.38505608794443], [127.06619103796596, 37.38506882030913], [127.06596129968499, 37.38508239789931], [127.06573086332452, 37.385098417176415], [127.06550606102309, 37.385114027498766], [127.06527158231499, 37.38513032738322], [127.06504756038937, 37.38505396968134], [127.06485419303799, 37.38498806494938], [127.06451988970811, 37.3848741388175], [127.06437749653304, 37.38482560476147], [127.06329552094176, 37.38482960780725], [127.06278097186575, 37.38457436527091], [127.06256122846203, 37.384477745785716], [127.06226199642612, 37.384356659101016], [127.06152986538521, 37.38382892913765], [127.06134655295057, 37.38353483111777], [127.06114559953811, 37.383262456194316], [127.06091909371008, 37.383116731639156], [127.0607286705656, 37.38299324369628], [127.06022704813506, 37.38256358270009], [127.060123264503, 37.38241064154096], [127.06007822457585, 37.3821646051924], [127.06005227599185, 37.38190117875432], [127.06002998844357, 37.38162649678701], [127.05990023347502, 37.38109021259787], [127.05989398144844, 37.381065185434046], [127.0598544441483, 37.38105542891033], [127.05950959890852, 37.380987328462695], [127.05917647463593, 37.3807869249744], [127.05888275185582, 37.380653320854975], [127.0582508641983, 37.380785075044834], [127.05771879426837, 37.380897046190874], [127.05709418351523, 37.38134779577747], [127.0567876644423, 37.381299572842245], [127.05616309315236, 37.382112625332645], [127.05614489172771, 37.382501611681946], [127.05585779547584, 37.382618254422425], [127.05568175607388, 37.38268382107542], [127.05552189974468, 37.38273787409364], [127.05519334792562, 37.38315057216975], [127.05516705954666, 37.383559492458005], [127.05514415349771, 37.38396165355453], [127.05455613442379, 37.384432555683354], [127.05422150623579, 37.38428044252369], [127.05382610281708, 37.3840708974902], [127.0530553957695, 37.384039772389585], [127.05281944539581, 37.384248469309156], [127.05259372537054, 37.38445946793487], [127.05253209000904, 37.38481671150283], [127.05242579725632, 37.385009133312025], [127.05214951803951, 37.385114508654326], [127.05178227367325, 37.38559324913799], [127.05175226793486, 37.38562142765643], [127.05171353790013, 37.38567282905938], [127.05169477438776, 37.38594881829243], [127.05159874791954, 37.386574398475915], [127.05095561989339, 37.386449689149565], [127.05040062992393, 37.38634795187392], [127.04996055999374, 37.38626728478908], [127.04931708129918, 37.386595642657916], [127.04907410742335, 37.38681557953904], [127.04902092815367, 37.38684193761359], [127.04899356166395, 37.386885620852865], [127.04897687626908, 37.38690983785225], [127.0486879609013, 37.38696109512365], [127.04832226646249, 37.38691317122481], [127.04781921816958, 37.38699348761097], [127.04740100127712, 37.38712368526], [127.04697974192817, 37.38726681217715], [127.04686170381166, 37.387560633763435], [127.04632257284301, 37.38790837913808], [127.04593569195322, 37.38812917487829], [127.04547238478625, 37.38858340593094], [127.04509401084289, 37.38866526810554], [127.04430477805498, 37.388917417257275], [127.04370408599098, 37.38888764728022], [127.04354838471157, 37.38895963081471], [127.04333874878336, 37.389046734254876], [127.0426600361827, 37.38909555511723], [127.04223744082262, 37.38926921900702], [127.04120766209981, 37.38942620170856], [127.04089053580142, 37.38960846606914], [127.04077463406296, 37.389634147510264], [127.03993586463262, 37.389829249615175], [127.03937811952932, 37.39042145082036], [127.03842243201979, 37.39051102557541], [127.0384415415895, 37.39086211832566], [127.03857893573591, 37.39134142457274], [127.03874358420279, 37.3919420347478], [127.03863779822176, 37.39206315545222], [127.0385025968259, 37.39223490430248], [127.03851804028491, 37.39261548831191], [127.03851338949971, 37.39268811159336], [127.03848095715898, 37.39278087224109], [127.03838021442897, 37.39303419707669], [127.03824796069006, 37.393581478772596], [127.03823129194237, 37.39364995208421], [127.03822092326334, 37.393692537274816], [127.03819301182949, 37.394142269562444], [127.03818655355376, 37.39421446088565], [127.03845563029684, 37.394489402938085], [127.03820030747052, 37.394768724965026], [127.03816194130644, 37.39496988843201], [127.0381116860852, 37.39524646149024], [127.03815616651397, 37.39561118751208], [127.03823746032576, 37.39610873866396], [127.0382259562619, 37.396139583968555], [127.03814877980905, 37.396606946178395], [127.03808959305954, 37.39705166925271], [127.03807477966664, 37.39724493243896], [127.0381122699323, 37.39770150091643], [127.03814438807882, 37.39821096055387], [127.03799847850698, 37.39856704147666], [127.03777508563314, 37.398954690492644], [127.0376332883255, 37.3993202212981], [127.03749336352169, 37.39968389525213], [127.03738621956906, 37.400229158463446], [127.03732432633569, 37.40046047653654], [127.03711033442399, 37.40130642205807]]]}}, {"type": "Feature", "properties": {"legal_dong_code": "41135116", "legal_dong_name": "대장동"}, "geometry": {"type": "Polygon", "coordinates": [[[127.07910358117914, 37.374760519150385], [127.07940892645345, 37.37439523503462], [127.07977789755576, 37.37378966060458], [127.08076685059453, 37.37352465242008], [127.08079481979875, 37.373517948122334], [127.08079381284335, 37.37349444123809], [127.08075485330232, 37.3730560229668], [127.08063821045673, 37.37270435260586], [127.08037531214703, 37.37266663136218], [127.07979015356685, 37.3722421089156], [127.07986014927421, 37.37168825171923], [127.07952233067695, 37.37132795055032], [127.07970113057767, 37.37111778709649], [127.08001903765467, 37.37051702072616], [127.08013474029131, 37.37026583002886], [127.08011953147098, 37.369906784259506], [127.0799622159429, 37.36965840580259], [127.07982141057286, 37.36930549803544], [127.07976312175198, 37.36861819450454], [127.07983547457091, 37.36827147964719], [127.07917319915595, 37.36807212441002], [127.07882432562602, 37.36786589349155], [127.07849938471631, 37.36767988284611], [127.07803965721546, 37.36749572457783], [127.07764485357404, 37.367109469243324], [127.07751919335414, 37.366759008608575], [127.07727592753773, 37.366576798415686], [127.07753823995694, 37.366336130098205], [127.0776112530989, 37.36625523470391], [127.07793128520497, 37.365393753158486], [127.07812570887211, 37.3651267544973], [127.07800381673206, 37.36496202794182], [127.07800917407735, 37.36459039004039], [127.07759722111363, 37.364153201799176], [127.07707875986355, 37.36364133159761], [127.07693995655197, 37.36349324752487], [127.07689656548372, 37.363460748379545], [127.07671679552585, 37.36331065383599], [127.07655172429938, 37.362934465850344], [127.07648847154884, 37.36285043181625], [127.07626106717969, 37.36248375260354], [127.0760078802654, 37.3623542285549], [127.07594313059411, 37.36217067753251], [127.07599743087152, 37.36194655072717], [127.07583458900125, 37.36144345160039], [127.0751254102227, 37.360869620995494], [127.07516595778658, 37.36037416991319], [127.07512087847317, 37.36033254381631], [127.07462323559777, 37.35987307990506], [127.07456518667254, 37.35983091198538], [127.0743898430241, 37.359703624903375], [127.07417652572028, 37.359269626590006], [127.0743217739566, 37.358799997612486], [127.07380359897354, 37.35843081599048], [127.07253289167623, 37.35756146128375], [127.07246674403234, 37.35751019687151], [127.07235132348332, 37.35741940713816], [127.07227871693775, 37.35736522718057], [127.07226232111165, 37.35734630654666], [127.07213280894341, 37.35723768481794], [127.0718473285387, 37.35740801262275], [127.07155387683818, 37.357540762889926], [127.07122930423198, 37.357685406221194], [127.07091835009187, 37.35782537338366], [127.07058864434521, 37.35797561329952], [127.07062025426005, 37.35800551772555], [127.07034802143716, 37.35810422105137], [127.06999016829182, 37.35823638317921], [127.06965245065265, 37.35835573813619], [127.06932489754271, 37.35847005860716], [127.06897154966717, 37.3585952411667], [127.0688497044158, 37.35863828925722], [127.06853193180932, 37.35872335484081], [127.06824763110664, 37.35880102133538], [127.06791108098786, 37.358893493217714], [127.06761644192224, 37.35897393012833], [127.06730332859293, 37.359059305161196], [127.06703892210372, 37.359171935287705], [127.0666370609825, 37.35935919098815], [127.066432126583, 37.35940511150132], [127.0661897816278, 37.3594610264131], [127.06604743658347, 37.35949294620876], [127.06586055178784, 37.35954027048442], [127.06524957961184, 37.359700973839196], [127.06493860210762, 37.359782602219965], [127.06464249835336, 37.35988771144109], [127.06417942744125, 37.36005100626779], [127.0639548733454, 37.36014016382273], [127.06382387708949, 37.360193870625345], [127.0631903435225, 37.36045289452365], [127.06286189208997, 37.360457570422064], [127.06252346308708, 37.36046344891167], [127.06250007062576, 37.36045858645565], [127.06204011079797, 37.360401680006085], [127.06106720287345, 37.360695726155896], [127.06071838287151, 37.360738492473054], [127.06038772478566, 37.360781266743885], [127.05991882646555, 37.36078512128949], [127.05931762591477, 37.360794003321935], [127.05899042610724, 37.36078439570224], [127.05863462301767, 37.36077517041132], [127.05813628491515, 37.3607629849367], [127.05795482968571, 37.36074587118291], [127.05774389834535, 37.36072422101476], [127.05720983997985, 37.36055155891649], [127.0568457634247, 37.360433696146714], [127.0560376323235, 37.360094783260394], [127.0557360545932, 37.359968706977426], [127.05555694479126, 37.359960508567056], [127.05507101784379, 37.360027693392816], [127.0542991669074, 37.36014033448134], [127.05395018353279, 37.360339507024705], [127.05368229390555, 37.36049443874976], [127.05327607119754, 37.360799576462995], [127.05310506803568, 37.36092856010725], [127.05296729716412, 37.36135667670059], [127.05294323244493, 37.361689514925175], [127.05290375803723, 37.36215306176318], [127.05304663621118, 37.36239006693255], [127.05319914394619, 37.36264325002756], [127.05320149574453, 37.36320844966872], [127.05268306994232, 37.36380864603037], [127.05238656459956, 37.364053229546315], [127.05090275492572, 37.364878381349705], [127.05086388724287, 37.36501449655734], [127.05086265552686, 37.365236661425705], [127.05092882149708, 37.36534513455608], [127.05113095127744, 37.365544121157015], [127.05128939431313, 37.36587894544646], [127.05120087071018, 37.36639628484595], [127.05118963278008, 37.3664905541949], [127.05117647538519, 37.36656718239161], [127.05114116135854, 37.366700331806186], [127.05105559176228, 37.3668373315983], [127.05099401882481, 37.36695230038223], [127.0508959947987, 37.36708589941026], [127.05088521029104, 37.367183754586], [127.05095905465355, 37.36736131459971], [127.05115689740249, 37.36753903882932], [127.05124783759493, 37.36777293219351], [127.05131621334804, 37.36794117772913], [127.05135983961327, 37.36810306344885], [127.05136900013787, 37.36821315509199], [127.05128096427147, 37.368378357943456], [127.0512629030103, 37.36873934073357], [127.05133854676522, 37.36921013627362], [127.05134940991951, 37.369282843911826], [127.05125897039954, 37.36941725090933], [127.0512925338831, 37.36940102746154], [127.05131729088713, 37.369417658856094], [127.05130635907265, 37.36948019415907], [127.0513876907532, 37.36952022819583], [127.05139140685125, 37.36993242466192], [127.05108048872938, 37.37101499403868], [127.05139737568057, 37.371428031845475], [127.05133721507181, 37.37291525101263], [127.05132003701414, 37.3734862785083], [127.05171443165204, 37.37468164555899], [127.05228087294957, 37.37526491197655], [127.05227472213684, 37.376156300510864], [127.05264672401876, 37.37658787189672], [127.05239065475489, 37.37696505819565], [127.05243394192772, 37.377449228374864], [127.05230579093987, 37.377928192284685], [127.05250110258747, 37.378524212339826], [127.05315606834543, 37.378883181789696], [127.05327304093743, 37.3789344526007], [127.05342195532512, 37.379002567313876], [127.05401830967905, 37.37925034511183], [127.05498066665488, 37.37955850335184], [127.05621298745686, 37.380089900344714], [127.05667761570528, 37.37985715004948], [127.056885964831, 37.37981093863076], [127.05723237530948, 37.37977703284806], [127.0575604641789, 37.37968734375312], [127.0579651966676, 37.379601230267944], [127.05811674370604, 37.37972457015472], [127.05841287787254, 37.379962972338944], [127.05861450244396, 37.37999853742314], [127.05875239423928, 37.38033620800579], [127.05888275185582, 37.380653320854975], [127.05917647463593, 37.3807869249744], [127.05950959890852, 37.380987328462695], [127.0598544441483, 37.38105542891033], [127.05989398144844, 37.381065185434046], [127.05991794931704, 37.38106145240067], [127.05993413864113, 37.3810589395778], [127.06066236343962, 37.38094573426017], [127.06153494392288, 37.38022715707535], [127.06215854533815, 37.37996967066775], [127.06242414212785, 37.379861430150434], [127.06266412496174, 37.37971837796955], [127.0633636776729, 37.37942758935096], [127.06339093550207, 37.37941625831777], [127.06343418766649, 37.37941302806], [127.06367672033487, 37.37939488950083], [127.06434184067365, 37.37944231898453], [127.06447749612323, 37.379628027567634], [127.06511618321045, 37.37980430319919], [127.06521906638987, 37.379832701946675], [127.06547520778844, 37.37971102550462], [127.06575893181522, 37.37957625075721], [127.06612996254775, 37.379437291990726], [127.06660320042289, 37.379513051311044], [127.06695786973546, 37.379569835912996], [127.06746801501224, 37.3794607456999], [127.06768243247073, 37.37941640401358], [127.06793116335685, 37.37924532362068], [127.06844615453089, 37.379155463179394], [127.06895228756727, 37.37899695704579], [127.06927895102356, 37.378873276912074], [127.06966575324208, 37.378756111630636], [127.06989675303888, 37.37866169585136], [127.06993932546531, 37.37864429060624], [127.06996193726181, 37.37862821238451], [127.07018371064427, 37.37847053194949], [127.07072565247222, 37.37825424220641], [127.0712218806089, 37.377823525784486], [127.07169221684165, 37.37768658132446], [127.07189707201293, 37.37762693838514], [127.07204892091869, 37.37754614379478], [127.0722271082478, 37.37745134046358], [127.07226753732361, 37.37742516875919], [127.07237785011745, 37.37733468561661], [127.07251366283212, 37.377334874470996], [127.0725780401545, 37.377310211000875], [127.07305462360853, 37.37725438497139], [127.07334779161954, 37.37722004069583], [127.07383768426399, 37.37644583117192], [127.07404839379365, 37.37606938312688], [127.07412726688855, 37.37588147255176], [127.07430326147444, 37.375405347714675], [127.07525774907712, 37.37520607302797], [127.07534682312222, 37.37518955586308], [127.07536019846235, 37.37523212060163], [127.07547112038317, 37.3755851240988], [127.075471392205, 37.375585997915984], [127.0760323383552, 37.37537486174342], [127.07610506114398, 37.375309528158084], [127.07612997854494, 37.37528683382475], [127.07613017030728, 37.37528666251039], [127.07616755202093, 37.37525261649172], [127.07640604547109, 37.375037942400205], [127.07642846788166, 37.37502689974267], [127.07664871069318, 37.374920944509924], [127.07705492023176, 37.374801409031555], [127.07709538244661, 37.37478885002433], [127.07744987459155, 37.37463932431096], [127.07756425289875, 37.37459369536062], [127.07756617143598, 37.374592937272034], [127.07777608481783, 37.37456878998494], [127.07804774425671, 37.37454576470001], [127.07810141502152, 37.37449944467212], [127.07832913024785, 37.3743736410503], [127.07902629780745, 37.37469172305274], [127.07910358117914, 37.374760519150385]]]}}, {"type": "Feature", "properties": {"legal_dong_code": "41135117", "legal_dong_name": "석운동"}, "geometry": {"type": "Polygon", "coordinates": [[[127.05090275492572, 37.364878381349705], [127.05086591739946, 37.36489111010949], [127.05075433570406, 37.36489990551089], [127.05054116129459, 37.36491546456431], [127.0503009757848, 37.36493493579164], [127.05022481703402, 37.365047801841946], [127.05012648264567, 37.36518854548697], [127.04999921658188, 37.36522626934326], [127.04989968101728, 37.365255413027725], [127.04983051771053, 37.36527621880672], [127.04955046998444, 37.36532992550151], [127.04952289849082, 37.36534032544879], [127.0494918570723, 37.365343960141644], [127.04931078049212, 37.36551098332831], [127.04907013146207, 37.36572964058624], [127.04883489197773, 37.36586422107267], [127.04856912642967, 37.36601607676551], [127.04833263037754, 37.3661297080492], [127.04812460570753, 37.36622804635568], [127.0479344578732, 37.36631981786036], [127.04769198514894, 37.36641014984631], [127.04749393488272, 37.366484597125805], [127.04725401972745, 37.36658704592565], [127.04719378605638, 37.3666672328797], [127.04710854485711, 37.3667804067458], [127.04702452210354, 37.36689276015211], [127.04698755820914, 37.36694198803415], [127.04684789256457, 37.36713004829655], [127.04679551793696, 37.36729008034002], [127.04673599636067, 37.367467549807515], [127.04663667360886, 37.3675951990672], [127.04653842226885, 37.36772166749808], [127.0464547000175, 37.367829992812766], [127.04636048703613, 37.36795226080802], [127.04632867711912, 37.368108383411766], [127.04630817657447, 37.36820393522713], [127.04609640393372, 37.36831641735066], [127.04594806412787, 37.36833327717304], [127.04571331762999, 37.36831165057036], [127.04566888618875, 37.3683349404842], [127.04540033206302, 37.36847365318273], [127.0451084699733, 37.368562574547326], [127.04497732740039, 37.36874399791054], [127.04484211736664, 37.368842150451194], [127.04459005909052, 37.36883285389982], [127.04438270640655, 37.36882441460518], [127.04424610451395, 37.36881885969828], [127.04424618724445, 37.36878558504188], [127.04408893961892, 37.36880360806395], [127.04363441644338, 37.36892575072901], [127.04333520736618, 37.36902567176826], [127.04303321655303, 37.369036752569855], [127.04272857868303, 37.36903814757049], [127.04235934700552, 37.369044925172346], [127.04190276350872, 37.36918546970508], [127.04166497324177, 37.369259488267225], [127.04136705814527, 37.369337419025534], [127.04109821948285, 37.369407671635436], [127.0409172325187, 37.36939015319133], [127.0403189454884, 37.3694289055843], [127.0399223943224, 37.36937437922119], [127.03971527685997, 37.36938646588733], [127.03951071131625, 37.36939977675653], [127.03896519007536, 37.36959884162876], [127.03834931371796, 37.369687920533615], [127.03829243675148, 37.36970784173705], [127.0382733646107, 37.36976795462564], [127.03808820766156, 37.369881675536725], [127.03803228355534, 37.36991144445429], [127.03791580772001, 37.369973326282576], [127.03787333475964, 37.36999149487337], [127.03775237837276, 37.370056639604876], [127.03756914596124, 37.37016106960603], [127.03749357542654, 37.37020917097446], [127.03726611259926, 37.37019904942808], [127.03694518497772, 37.37033238863927], [127.03677986315236, 37.370404384386006], [127.03666009526724, 37.37045545373095], [127.03642999254194, 37.37047498388464], [127.03633378668437, 37.370480193103106], [127.03617613691296, 37.37049477283928], [127.03600090979265, 37.370510042265934], [127.0357127859329, 37.370619077096094], [127.03559425650855, 37.37066503622661], [127.03545362143407, 37.370684178259886], [127.03533843778783, 37.37063927745848], [127.03529097861971, 37.370617603503455], [127.03517155871583, 37.37056615334335], [127.03503202903178, 37.37055756120826], [127.03492001248141, 37.37055079020869], [127.034791559563, 37.370622943948725], [127.03469710188364, 37.37067628375765], [127.03468024057827, 37.370687875586135], [127.03455750935966, 37.37088511587449], [127.03448117932321, 37.371009567837156], [127.03426755181401, 37.37106913946353], [127.0340234457477, 37.37113664804788], [127.03388929576107, 37.371170202733595], [127.03363624636603, 37.371234505339594], [127.03342348551593, 37.37126428753227], [127.03329856242785, 37.37128021513571], [127.0331615946352, 37.37129916424267], [127.03309201069254, 37.37131032844004], [127.03306442212262, 37.371317561971], [127.03299862546064, 37.37134145649448], [127.03294995292802, 37.37136043588033], [127.03271278092824, 37.37143859896229], [127.0324879697503, 37.37151493827401], [127.03233828061647, 37.371540295999054], [127.03222730801205, 37.3715495332769], [127.0321698497669, 37.371535600417644], [127.03209656007309, 37.371485207407375], [127.0319392675236, 37.3715529234717], [127.03176569483541, 37.371676137217825], [127.03158197044556, 37.371766592257735], [127.03147634263308, 37.37176061828066], [127.03131573161782, 37.371775832009476], [127.0311595220363, 37.37184475412554], [127.03113783638274, 37.371849021376235], [127.03095084130457, 37.37183536357425], [127.03086697976384, 37.37188724703689], [127.03077877178484, 37.37191053319074], [127.03071537016666, 37.371941877271524], [127.03066708332494, 37.37199728379508], [127.03062715417555, 37.37206157228282], [127.03062228999583, 37.37206585331739], [127.03058468569867, 37.37209896598177], [127.03037305547446, 37.37214260907868], [127.03024564262986, 37.372118627959146], [127.03013366126193, 37.37212029496261], [127.03004663751373, 37.37214177824631], [127.03000860485022, 37.37211765814298], [127.02995817326058, 37.37211569705198], [127.02985023251189, 37.37214452851954], [127.0298034308507, 37.372158451446914], [127.02977070901085, 37.37214664691802], [127.02966317774602, 37.37215375456386], [127.02959706743276, 37.37218909921023], [127.02957446883414, 37.37219794356416], [127.02943798539103, 37.372251397245286], [127.02932180137994, 37.37233757999432], [127.02926552394108, 37.37234195414143], [127.02924134584758, 37.37232323665069], [127.0292393215336, 37.3723138304936], [127.02920455284217, 37.37226194899154], [127.02918145014243, 37.372220210217215], [127.0291548650811, 37.372195141091915], [127.02912810159275, 37.37217604575402], [127.02909620970013, 37.372148986603605], [127.02900249505593, 37.372120094741454], [127.02895644610048, 37.372093255086966], [127.02885684991364, 37.3720650132069], [127.02881854262644, 37.372029603023485], [127.02874824635813, 37.372010202284585], [127.02865240417331, 37.37193498927766], [127.02792655112138, 37.371972032284404], [127.02783227307758, 37.37226747920988], [127.02777833821517, 37.37248234803476], [127.02773340614236, 37.37277697297108], [127.02771224027897, 37.37284882485919], [127.02789585755363, 37.37404355217685], [127.0279446066775, 37.37474911950837], [127.02792379129515, 37.37530639474492], [127.02791538224638, 37.37563448426064], [127.02802959909567, 37.376002785783434], [127.02834867706316, 37.376618451322656], [127.02799827695989, 37.37715009468428], [127.02802384000452, 37.37776406935866], [127.0280461801175, 37.37833028175232], [127.02817122681452, 37.37849982511178], [127.0281941635258, 37.3792165432032], [127.02928403819335, 37.379566950213665], [127.02967931921268, 37.37957420002801], [127.03071681812924, 37.379462708806486], [127.0309604034265, 37.37943056318425], [127.0314097873206, 37.37937636237543], [127.03195672043185, 37.37962446211785], [127.03189732672728, 37.38003374643276], [127.03217948547366, 37.38036857266859], [127.03229376686338, 37.381489209939545], [127.03205882082845, 37.38220844451196], [127.03316273604902, 37.38312485770637], [127.03312216715081, 37.38366461356845], [127.03321712900778, 37.38398972899316], [127.03381485578775, 37.38463053236959], [127.0338655669386, 37.38539486873811], [127.03387691921053, 37.38543086123467], [127.03388299722195, 37.385464359358394], [127.0339678128885, 37.3858668741541], [127.03440113692449, 37.3859036690816], [127.03495076516221, 37.38598925566539], [127.0355249907961, 37.38660589156418], [127.035420105388, 37.386765870066625], [127.035187699743, 37.387934121780894], [127.0349812602854, 37.38826706972529], [127.03478928396287, 37.38857391980311], [127.03468767531673, 37.388799553703834], [127.03536452372454, 37.388818283230414], [127.03576860649218, 37.388927424050635], [127.03610354676555, 37.38927880379738], [127.03685634877168, 37.38938834294875], [127.03695588876332, 37.38943406673657], [127.03730325360263, 37.38958540484002], [127.03798409510021, 37.390278537371714], [127.03842243201979, 37.39051102557541], [127.03937811952932, 37.39042145082036], [127.03993586463262, 37.389829249615175], [127.04077463406296, 37.389634147510264], [127.04089053580142, 37.38960846606914], [127.04120766209981, 37.38942620170856], [127.04223744082262, 37.38926921900702], [127.0426600361827, 37.38909555511723], [127.04333874878336, 37.389046734254876], [127.04370408599098, 37.38888764728022], [127.04430477805498, 37.388917417257275], [127.04509401084289, 37.38866526810554], [127.04547238478625, 37.38858340593094], [127.04593569195322, 37.38812917487829], [127.04632257284301, 37.38790837913808], [127.04686170381166, 37.387560633763435], [127.04697974192817, 37.38726681217715], [127.04740100127712, 37.38712368526], [127.04781921816958, 37.38699348761097], [127.04832226646249, 37.38691317122481], [127.0486879609013, 37.38696109512365], [127.04897687626908, 37.38690983785225], [127.04902092815367, 37.38684193761359], [127.04907410742335, 37.38681557953904], [127.04931708129918, 37.386595642657916], [127.05001229700753, 37.38624686457764], [127.05039587104146, 37.38632278845997], [127.05096563808017, 37.386436097637606], [127.05159874791954, 37.386574398475915], [127.05169477438776, 37.38594881829243], [127.05171353790013, 37.38567282905938], [127.05175226793486, 37.38562142765643], [127.05175754912814, 37.38561646982345], [127.05214951803951, 37.385114508654326], [127.05242579725632, 37.385009133312025], [127.05253209000904, 37.38481671150283], [127.05259372537054, 37.38445946793487], [127.05281944539581, 37.384248469309156], [127.0530553957695, 37.384039772389585], [127.05382610281708, 37.3840708974902], [127.05422150623579, 37.38428044252369], [127.05455613442379, 37.384432555683354], [127.05514415349771, 37.38396165355453], [127.05516705954666, 37.383559492458005], [127.05519334792562, 37.38315057216975], [127.05552189974468, 37.38273787409364], [127.05614489172771, 37.382501611681946], [127.05616309315236, 37.382112625332645], [127.0567876644423, 37.381299572842245], [127.05709418351523, 37.38134779577747], [127.05771879426837, 37.380897046190874], [127.0582508641983, 37.380785075044834], [127.05888275185582, 37.380653320854975], [127.05875239423928, 37.38033620800579], [127.05861450244396, 37.37999853742314], [127.05841287787254, 37.379962972338944], [127.05811674370604, 37.37972457015472], [127.0579651966676, 37.379601230267944], [127.0575604641789, 37.37968734375312], [127.05723237530948, 37.37977703284806], [127.056885964831, 37.37981093863076], [127.05667761570528, 37.37985715004948], [127.05621298745686, 37.380089900344714], [127.05498066665488, 37.37955850335184], [127.05401830967905, 37.37925034511183], [127.05342195532512, 37.379002567313876], [127.05327304093743, 37.3789344526007], [127.05315606834543, 37.378883181789696], [127.05250110258747, 37.378524212339826], [127.05230579093987, 37.377928192284685], [127.05243394192772, 37.377449228374864], [127.05239065475489, 37.37696505819565], [127.05264672401876, 37.37658787189672], [127.05227472213684, 37.376156300510864], [127.05228087294957, 37.37526491197655], [127.05171443165204, 37.37468164555899], [127.05132003701414, 37.3734862785083], [127.05133721507181, 37.37291525101263], [127.05139737568057, 37.371428031845475], [127.05108048872938, 37.37101499403868], [127.05139140685125, 37.36993242466192], [127.0513876907532, 37.36952022819583], [127.05130635907265, 37.36948019415907], [127.05131729088713, 37.369417658856094], [127.0512925338831, 37.36940102746154], [127.05125897039954, 37.36941725090933], [127.05134940991951, 37.369282843911826], [127.05133854676522, 37.36921013627362], [127.0512629030103, 37.36873934073357], [127.05128096427147, 37.368378357943456], [127.05136900013787, 37.36821315509199], [127.05135983961327, 37.36810306344885], [127.05131621334804, 37.36794117772913], [127.05124783759493, 37.36777293219351], [127.05115689740249, 37.36753903882932], [127.05095905465355, 37.36736131459971], [127.05088521029104, 37.367183754586], [127.0508959947987, 37.36708589941026], [127.05099401882481, 37.36695230038223], [127.05105559176228, 37.3668373315983], [127.05114116135854, 37.366700331806186], [127.05117647538519, 37.36656718239161], [127.05118963278008, 37.3664905541949], [127.05120087071018, 37.36639628484595], [127.05128939431313, 37.36587894544646], [127.05113095127744, 37.365544121157015], [127.05092882149708, 37.36534513455608], [127.05086265552686, 37.365236661425705], [127.05086388724287, 37.36501449655734], [127.05090275492572, 37.364878381349705]]]}}, {"type": "Feature", "properties": {"legal_dong_code": "41135118", "legal_dong_name": "하산운동"}, "geometry": {"type": "Polygon", "coordinates": [[[127.08422862835289, 37.38765373177051], [127.08432855684696, 37.387659031890834], [127.08493323246832, 37.38714079311755], [127.08501957203467, 37.38710162809587], [127.0849787861334, 37.386979749438744], [127.08488928361258, 37.38671176033738], [127.08484059119436, 37.3865772639646], [127.08477694333874, 37.38638693312837], [127.08468968865357, 37.386189915297564], [127.0850234277127, 37.38582338104453], [127.08487494804439, 37.385431147345564], [127.0849124300802, 37.38542554362989], [127.08491134289055, 37.38542266114494], [127.0855567781204, 37.38532615591903], [127.0856527027805, 37.385277703145974], [127.08584124265154, 37.385250808680766], [127.08588863801981, 37.38519433522457], [127.08592218561083, 37.38513410538552], [127.08595098773607, 37.3850712479573], [127.08596342789872, 37.385008014769134], [127.08596615605856, 37.384943680264726], [127.08596236349923, 37.38486438453667], [127.0859530562437, 37.38483148607006], [127.08594553018544, 37.38481616515741], [127.08589006043812, 37.38472040869987], [127.08582483619635, 37.38469635303151], [127.08582926277745, 37.3846865378089], [127.08575771149357, 37.384669145123986], [127.08565913117998, 37.384613874886334], [127.085649295928, 37.384623675930285], [127.08560165181946, 37.38461902453064], [127.08556954303273, 37.38458240302477], [127.08559101047958, 37.384523767647174], [127.08555060764319, 37.38451200206034], [127.08551448792264, 37.38450348608636], [127.08545215189356, 37.38445673156], [127.08549752014096, 37.38435461420652], [127.08548429022015, 37.3843072932146], [127.08541072704435, 37.38433837642378], [127.0853632621479, 37.384190273994314], [127.08536678964792, 37.38418423468398], [127.08541720724877, 37.3841042967985], [127.08545876061966, 37.38410507822613], [127.08546726957348, 37.38414129304259], [127.08550142136416, 37.38418758103337], [127.08682553370173, 37.38425520063528], [127.08682699008054, 37.384115469975235], [127.08701752611478, 37.383621971858794], [127.08707287788243, 37.383474201177975], [127.08711222557815, 37.38345200770182], [127.0872042964363, 37.38340349337457], [127.08715169003749, 37.38338357396486], [127.08709001295043, 37.38337026554594], [127.08658223411966, 37.38321349460725], [127.08656476972484, 37.38320638012769], [127.08646650482555, 37.38320933400587], [127.0864173464008, 37.38319278159352], [127.08642700191712, 37.38315401293302], [127.08639336481185, 37.383143702419915], [127.08631454717967, 37.38308967094121], [127.08550947152703, 37.38265837022171], [127.08478571261001, 37.38264563708786], [127.084478077273, 37.38254793982176], [127.08444716242852, 37.38253812240324], [127.08408087978074, 37.382418237133095], [127.08389634979007, 37.38247157084574], [127.08373003752452, 37.38240562404071], [127.08324291488078, 37.382043023159504], [127.08293158307615, 37.38178058252137], [127.08225271532059, 37.381325701083455], [127.0818329916828, 37.38093171092591], [127.08089601410217, 37.37999198821821], [127.08023464633499, 37.37920677944381], [127.07982687674492, 37.37886463660568], [127.07983830862528, 37.37847928200075], [127.07976154014946, 37.37839963784059], [127.07953927164706, 37.378179684186534], [127.07939777000297, 37.37813876314523], [127.07932601723365, 37.37811560016831], [127.07921171894807, 37.378078769642336], [127.07911581911824, 37.37804782859867], [127.07906362158894, 37.37784908039595], [127.07904699701655, 37.37775652077428], [127.07904227245898, 37.377696687309324], [127.07901620766602, 37.3773722840756], [127.07891729624994, 37.37688180792462], [127.07878332592078, 37.37642057455793], [127.07845818863329, 37.376122585749464], [127.07847578356866, 37.376060917667274], [127.07868774584435, 37.375244844984046], [127.07910358117914, 37.374760519150385], [127.07902629780745, 37.37469172305274], [127.07832913024785, 37.3743736410503], [127.07810141502152, 37.37449944467212], [127.07804774425671, 37.37454576470001], [127.07777608481783, 37.37456878998494], [127.07756617143598, 37.374592937272034], [127.07756425289875, 37.37459369536062], [127.07744987459155, 37.37463932431096], [127.07709538244661, 37.37478885002433], [127.07705492023176, 37.374801409031555], [127.07673371209042, 37.37489683330715], [127.07664871069318, 37.374920944509924], [127.07642846788166, 37.37502689974267], [127.07640604547109, 37.375037942400205], [127.07616755202093, 37.37525261649172], [127.07613017030728, 37.37528666251039], [127.07612997854494, 37.37528683382475], [127.07610506114398, 37.375309528158084], [127.0760323383552, 37.37537486174342], [127.0756315538003, 37.37552794420008], [127.075471392205, 37.375585997915984], [127.07547112038317, 37.3755851240988], [127.07536019846235, 37.37523212060163], [127.07534682312222, 37.37518955586308], [127.07525774907712, 37.37520607302797], [127.07430326147444, 37.375405347714675], [127.07412726688855, 37.37588147255176], [127.07404839379365, 37.37606938312688], [127.07383768426399, 37.37644583117192], [127.073601406463, 37.376829043026085], [127.07334779161954, 37.37722004069583], [127.07305462360853, 37.37725438497139], [127.0725780401545, 37.377310211000875], [127.07251366283212, 37.377334874470996], [127.07237785011745, 37.37733468561661], [127.07226753732361, 37.37742516875919], [127.0722271082478, 37.37745134046358], [127.07204892091869, 37.37754614379478], [127.07189707201293, 37.37762693838514], [127.07169221684165, 37.37768658132446], [127.0712218806089, 37.377823525784486], [127.07072565247222, 37.37825424220641], [127.07018371064427, 37.37847053194949], [127.06996193726181, 37.37862821238451], [127.06993932546531, 37.37864429060624], [127.06989675303888, 37.37866169585136], [127.06966575324208, 37.378756111630636], [127.06927895102356, 37.378873276912074], [127.06895228756727, 37.37899695704579], [127.06844615453089, 37.379155463179394], [127.06793116335685, 37.37924532362068], [127.06768243247073, 37.37941640401358], [127.06746801501224, 37.3794607456999], [127.06695786973546, 37.379569835912996], [127.06660320042289, 37.379513051311044], [127.06612996254775, 37.379437291990726], [127.06575893181522, 37.37957625075721], [127.06547520778844, 37.37971102550462], [127.06521906638987, 37.379832701946675], [127.06511618321045, 37.37980430319919], [127.06447749612323, 37.379628027567634], [127.06434184067365, 37.37944231898453], [127.06401223402248, 37.37941992313975], [127.06367672033487, 37.37939488950083], [127.06343418766649, 37.37941302806], [127.06339093550207, 37.37941625831777], [127.0633636776729, 37.37942758935096], [127.06266412496174, 37.37971837796955], [127.06242414212785, 37.379861430150434], [127.06215854533815, 37.37996967066775], [127.06153494392288, 37.38022715707535], [127.06066236343962, 37.38094573426017], [127.05993413864113, 37.3810589395778], [127.05991794931704, 37.38106145240067], [127.05989398144844, 37.381065185434046], [127.05990023347502, 37.38109021259787], [127.06002998844357, 37.38162649678701], [127.06005227599185, 37.38190117875432], [127.06007822457585, 37.3821646051924], [127.060123264503, 37.38241064154096], [127.06022704813506, 37.38256358270009], [127.0607286705656, 37.38299324369628], [127.06091909371008, 37.383116731639156], [127.06114559953811, 37.383262456194316], [127.06134655295057, 37.38353483111777], [127.06152986538521, 37.38382892913765], [127.06226199642612, 37.384356659101016], [127.06256122846203, 37.384477745785716], [127.06278097186575, 37.38457436527091], [127.06329552094176, 37.38482960780725], [127.06437749653304, 37.38482560476147], [127.06451988970811, 37.3848741388175], [127.06485419303799, 37.38498806494938], [127.06504756038937, 37.38505396968134], [127.06527158231499, 37.38513032738322], [127.06550606102309, 37.385114027498766], [127.06573086332452, 37.385098417176415], [127.06596129968499, 37.38508239789931], [127.06619103796596, 37.38506882030913], [127.06640669628703, 37.38505608794443], [127.06663756349376, 37.3850424277759], [127.06686280771684, 37.38502912166028], [127.06718872237374, 37.385009857597524], [127.06770048650073, 37.384979586475524], [127.06791651689679, 37.38496681510882], [127.06801613234805, 37.384993762593574], [127.06834341818296, 37.38508231018575], [127.06862029823107, 37.38515723508652], [127.06862218438488, 37.38515774759552], [127.06862411133763, 37.38408906904161], [127.06925205853827, 37.383746144592145], [127.07141368203084, 37.38350314402546], [127.072854137205, 37.38256810992004], [127.07482052264447, 37.38258979325191], [127.07471394825158, 37.38272104728134], [127.07461899604176, 37.3829609566274], [127.07456491238841, 37.38307893311336], [127.07467307209197, 37.38330024601763], [127.07464997299284, 37.38346604734051], [127.07471951387305, 37.383567999381626], [127.07472214539514, 37.383603497801616], [127.07466935225085, 37.3836554290176], [127.07470736092041, 37.383843267429405], [127.07468292854159, 37.38391527376009], [127.0747094374549, 37.38412095940146], [127.07468244229223, 37.38434451826735], [127.0745280796389, 37.38445255542572], [127.07453381135242, 37.384541211893925], [127.07464141120765, 37.38476531826732], [127.07469958817356, 37.3847915919558], [127.07476458208684, 37.3848610200731], [127.07485009800702, 37.385132803679], [127.0748603375235, 37.38532786733989], [127.07493402613386, 37.38551262003607], [127.07493267005172, 37.386669615631305], [127.07516575169932, 37.38715016271594], [127.07518731162895, 37.387142400549926], [127.07521680991883, 37.387169412647495], [127.07523947610052, 37.38713822336866], [127.07538312709514, 37.38727175438834], [127.07551065967581, 37.38731942850271], [127.07574668603604, 37.38734495953877], [127.07589634820981, 37.38738964599139], [127.07573651533681, 37.387565985115415], [127.07568007545194, 37.38758620327924], [127.07570642308622, 37.38762411952002], [127.07569900013024, 37.38765430820733], [127.07555482697255, 37.387680077509636], [127.07563814485393, 37.38777760533142], [127.07569478267533, 37.3878435241762], [127.07571579874902, 37.38785666582266], [127.07581912905776, 37.387979679702504], [127.07586877423121, 37.388053802098504], [127.07595913016708, 37.38818790650218], [127.07605410020554, 37.38830587974375], [127.07610755424606, 37.38834882449018], [127.07618085114886, 37.38847410952219], [127.07626129103677, 37.38862831259512], [127.0771146235003, 37.38895276651342], [127.0772138178599, 37.38900162820847], [127.07893982476544, 37.3886701984463], [127.079518436018, 37.38856385876996], [127.07954978361003, 37.38852094974261], [127.07956908459282, 37.38851273776232], [127.07957232853381, 37.38815629380433], [127.07972400342992, 37.38806942577794], [127.0798653646113, 37.38805491595513], [127.08008502204902, 37.38808116998433], [127.08002952930086, 37.387817749828024], [127.08006100343921, 37.38768023391634], [127.08007718969951, 37.38760913301664], [127.08013985319964, 37.38760251395638], [127.08028343694069, 37.38766260626533], [127.08033201342808, 37.387682666553275], [127.08042298346626, 37.38774910085614], [127.08047922848297, 37.387867186484144], [127.08060764489369, 37.38789223900928], [127.08091649726134, 37.38790734931375], [127.08117579395993, 37.38793771936931], [127.08122586343319, 37.38798102448993], [127.08133278447596, 37.38796743713744], [127.08143468174465, 37.38800818433369], [127.08153911423521, 37.38799054390553], [127.08184512178651, 37.38798466004223], [127.08206653967521, 37.38796720993124], [127.08218585134685, 37.387925231370694], [127.08222725263305, 37.38788754066277], [127.08311366841136, 37.38767285101737], [127.08357141313249, 37.38764352158424], [127.08395996541543, 37.387639467079175], [127.08422862835289, 37.38765373177051]]]}}]}